player,category,source,line,prediction,model_prob_over,implied_prob,recommended_bet,expected_value,edge,confidence,optimal_entry_size,kelly_bet_pct,kelly_bet_amount,odds
Josh Smith,hits,prizepicks,2.5,0.06814100855805141,0.01,0.5850622406639004,UNDER,1.3859000000000001,1.3859000000000001,VERY_HIGH,3,0.25,250.0,3-pick entry (~58.5% per leg)
Josh Smith,hits,prizepicks,2.5,0.06814100855805141,0.01,0.5850622406639004,UNDER,1.3859000000000001,1.3859000000000001,VERY_HIGH,3,0.25,250.0,3-pick entry (~58.5% per leg)
Josh Smith,hits,prizepicks,2.5,0.06814100855805141,0.01,0.5850622406639004,UNDER,1.3859000000000001,1.3859000000000001,VERY_HIGH,3,0.25,250.0,3-pick entry (~58.5% per leg)
Josh Jung,hits,prizepicks,2.5,0.06814100855805141,0.01,0.5850622406639004,UNDER,1.3859000000000001,1.3859000000000001,VERY_HIGH,3,0.25,250.0,3-pick entry (~58.5% per leg)
Corey Seager,hits,prizepicks,2.5,0.06814100855805141,0.01,0.5850622406639004,UNDER,1.3859000000000001,1.3859000000000001,VERY_HIGH,3,0.25,250.0,3-pick entry (~58.5% per leg)
Josh Smith,hits,prizepicks,2.5,0.06814100855805141,0.01,0.5850622406639004,UNDER,1.3859000000000001,1.3859000000000001,VERY_HIGH,3,0.25,250.0,3-pick entry (~58.5% per leg)
Josh Smith,hits,prizepicks,2.5,0.06814100855805141,0.01,0.5850622406639004,UNDER,1.3859000000000001,1.3859000000000001,VERY_HIGH,3,0.25,250.0,3-pick entry (~58.5% per leg)
Spencer Steer,total_bases,prizepicks,4.5,0.08663988394761005,0.01,0.5850622406639004,UNDER,1.3859000000000001,1.3859000000000001,VERY_HIGH,3,0.25,250.0,3-pick entry (~58.5% per leg)
Spencer Steer,total_bases,prizepicks,4.5,0.08663988394761005,0.01,0.5850622406639004,UNDER,1.3859000000000001,1.3859000000000001,VERY_HIGH,3,0.25,250.0,3-pick entry (~58.5% per leg)
Corey Seager,total_bases,prizepicks,4.5,0.08663988394761005,0.01,0.5850622406639004,UNDER,1.3859000000000001,1.3859000000000001,VERY_HIGH,3,0.25,250.0,3-pick entry (~58.5% per leg)
Austin Hays,total_bases,prizepicks,4.5,0.08663988394761005,0.01,0.5850622406639004,UNDER,1.3859000000000001,1.3859000000000001,VERY_HIGH,3,0.25,250.0,3-pick entry (~58.5% per leg)
Spencer Steer,total_bases,prizepicks,4.5,0.08663988394761005,0.01,0.5850622406639004,UNDER,1.3859000000000001,1.3859000000000001,VERY_HIGH,3,0.25,250.0,3-pick entry (~58.5% per leg)
Tyler Stephenson,total_bases,prizepicks,3.5,0.08663988394761005,0.01143577713132471,0.5850622406639004,UNDER,1.3824397771135075,1.3824397771135075,VERY_HIGH,3,0.25,250.0,3-pick entry (~58.5% per leg)
Tyler Stephenson,total_bases,prizepicks,3.5,0.08663988394761005,0.01143577713132471,0.5850622406639004,UNDER,1.3824397771135075,1.3824397771135075,VERY_HIGH,3,0.25,250.0,3-pick entry (~58.5% per leg)
Tyler Stephenson,total_bases,prizepicks,3.5,0.08663988394761005,0.01143577713132471,0.5850622406639004,UNDER,1.3824397771135075,1.3824397771135075,VERY_HIGH,3,0.25,250.0,3-pick entry (~58.5% per leg)
Matt Olson,total_bases,prizepicks,3.5,0.08663988394761005,0.01143577713132471,0.5850622406639004,UNDER,1.3824397771135075,1.3824397771135075,VERY_HIGH,3,0.25,250.0,3-pick entry (~58.5% per leg)
Spencer Steer,total_bases,prizepicks,3.5,0.08663988394761005,0.01143577713132471,0.5850622406639004,UNDER,1.3824397771135075,1.3824397771135075,VERY_HIGH,3,0.25,250.0,3-pick entry (~58.5% per leg)
Spencer Steer,total_bases,prizepicks,3.5,0.08663988394761005,0.01143577713132471,0.5850622406639004,UNDER,1.3824397771135075,1.3824397771135075,VERY_HIGH,3,0.25,250.0,3-pick entry (~58.5% per leg)
Josh Smith,total_bases,prizepicks,3.5,0.08663988394761005,0.01143577713132471,0.5850622406639004,UNDER,1.3824397771135075,1.3824397771135075,VERY_HIGH,3,0.25,250.0,3-pick entry (~58.5% per leg)
Josh Smith,total_bases,prizepicks,3.5,0.08663988394761005,0.01143577713132471,0.5850622406639004,UNDER,1.3824397771135075,1.3824397771135075,VERY_HIGH,3,0.25,250.0,3-pick entry (~58.5% per leg)
Josh Smith,total_bases,prizepicks,3.5,0.08663988394761005,0.01143577713132471,0.5850622406639004,UNDER,1.3824397771135075,1.3824397771135075,VERY_HIGH,3,0.25,250.0,3-pick entry (~58.5% per leg)
Matt McLain,total_bases,prizepicks,3.5,0.08663988394761005,0.01143577713132471,0.5850622406639004,UNDER,1.3824397771135075,1.3824397771135075,VERY_HIGH,3,0.25,250.0,3-pick entry (~58.5% per leg)
Spencer Steer,total_bases,prizepicks,3.5,0.08663988394761005,0.01143577713132471,0.5850622406639004,UNDER,1.3824397771135075,1.3824397771135075,VERY_HIGH,3,0.25,250.0,3-pick entry (~58.5% per leg)
Spencer Steer,total_bases,prizepicks,3.5,0.08663988394761005,0.01143577713132471,0.5850622406639004,UNDER,1.3824397771135075,1.3824397771135075,VERY_HIGH,3,0.25,250.0,3-pick entry (~58.5% per leg)
Josh Smith,total_bases,prizepicks,3.5,0.08663988394761005,0.01143577713132471,0.5850622406639004,UNDER,1.3824397771135075,1.3824397771135075,VERY_HIGH,3,0.25,250.0,3-pick entry (~58.5% per leg)
Josh Smith,total_bases,prizepicks,3.5,0.08663988394761005,0.01143577713132471,0.5850622406639004,UNDER,1.3824397771135075,1.3824397771135075,VERY_HIGH,3,0.25,250.0,3-pick entry (~58.5% per leg)
Josh Smith,total_bases,prizepicks,3.5,0.08663988394761005,0.01143577713132471,0.5850622406639004,UNDER,1.3824397771135075,1.3824397771135075,VERY_HIGH,3,0.25,250.0,3-pick entry (~58.5% per leg)
Josh Smith,total_bases,prizepicks,3.5,0.08663988394761005,0.01143577713132471,0.5850622406639004,UNDER,1.3824397771135075,1.3824397771135075,VERY_HIGH,3,0.25,250.0,3-pick entry (~58.5% per leg)
Josh Smith,total_bases,prizepicks,3.5,0.08663988394761005,0.01143577713132471,0.5850622406639004,UNDER,1.3824397771135075,1.3824397771135075,VERY_HIGH,3,0.25,250.0,3-pick entry (~58.5% per leg)
Josh Smith,total_bases,prizepicks,3.5,0.08663988394761005,0.01143577713132471,0.5850622406639004,UNDER,1.3824397771135075,1.3824397771135075,VERY_HIGH,3,0.25,250.0,3-pick entry (~58.5% per leg)
Josh Jung,total_bases,prizepicks,3.5,0.08663988394761005,0.01143577713132471,0.5850622406639004,UNDER,1.3824397771135075,1.3824397771135075,VERY_HIGH,3,0.25,250.0,3-pick entry (~58.5% per leg)
Josh Jung,total_bases,prizepicks,3.5,0.08663988394761005,0.01143577713132471,0.5850622406639004,UNDER,1.3824397771135075,1.3824397771135075,VERY_HIGH,3,0.25,250.0,3-pick entry (~58.5% per leg)
Josh Jung,total_bases,prizepicks,3.5,0.08663988394761005,0.01143577713132471,0.5850622406639004,UNDER,1.3824397771135075,1.3824397771135075,VERY_HIGH,3,0.25,250.0,3-pick entry (~58.5% per leg)
Elly De La Cruz,total_bases,prizepicks,3.5,0.08663988394761005,0.01143577713132471,0.5850622406639004,UNDER,1.3824397771135075,1.3824397771135075,VERY_HIGH,3,0.25,250.0,3-pick entry (~58.5% per leg)
Matt McLain,total_bases,prizepicks,3.5,0.08663988394761005,0.01143577713132471,0.5850622406639004,UNDER,1.3824397771135075,1.3824397771135075,VERY_HIGH,3,0.25,250.0,3-pick entry (~58.5% per leg)
Josh Smith,total_bases,prizepicks,3.5,0.08663988394761005,0.01143577713132471,0.5850622406639004,UNDER,1.3824397771135075,1.3824397771135075,VERY_HIGH,3,0.25,250.0,3-pick entry (~58.5% per leg)
Josh Smith,total_bases,prizepicks,3.5,0.08663988394761005,0.01143577713132471,0.5850622406639004,UNDER,1.3824397771135075,1.3824397771135075,VERY_HIGH,3,0.25,250.0,3-pick entry (~58.5% per leg)
Josh Smith,total_bases,prizepicks,3.5,0.08663988394761005,0.01143577713132471,0.5850622406639004,UNDER,1.3824397771135075,1.3824397771135075,VERY_HIGH,3,0.25,250.0,3-pick entry (~58.5% per leg)
Wyatt Langford,total_bases,prizepicks,3.5,0.08663988394761005,0.01143577713132471,0.5850622406639004,UNDER,1.3824397771135075,1.3824397771135075,VERY_HIGH,3,0.25,250.0,3-pick entry (~58.5% per leg)
Marcell Ozuna,total_bases,prizepicks,3.5,0.08663988394761005,0.01143577713132471,0.5850622406639004,UNDER,1.3824397771135075,1.3824397771135075,VERY_HIGH,3,0.25,250.0,3-pick entry (~58.5% per leg)
Adolis Garcia,total_bases,prizepicks,3.5,0.08663988394761005,0.01143577713132471,0.5850622406639004,UNDER,1.3824397771135075,1.3824397771135075,VERY_HIGH,3,0.25,250.0,3-pick entry (~58.5% per leg)
Spencer Steer,total_bases,prizepicks,3.5,0.08663988394761005,0.01143577713132471,0.5850622406639004,UNDER,1.3824397771135075,1.3824397771135075,VERY_HIGH,3,0.25,250.0,3-pick entry (~58.5% per leg)
Spencer Steer,total_bases,prizepicks,3.5,0.08663988394761005,0.01143577713132471,0.5850622406639004,UNDER,1.3824397771135075,1.3824397771135075,VERY_HIGH,3,0.25,250.0,3-pick entry (~58.5% per leg)
Josh Smith,total_bases,prizepicks,3.5,0.08663988394761005,0.01143577713132471,0.5850622406639004,UNDER,1.3824397771135075,1.3824397771135075,VERY_HIGH,3,0.25,250.0,3-pick entry (~58.5% per leg)
Josh Smith,total_bases,prizepicks,3.5,0.08663988394761005,0.01143577713132471,0.5850622406639004,UNDER,1.3824397771135075,1.3824397771135075,VERY_HIGH,3,0.25,250.0,3-pick entry (~58.5% per leg)
Josh Smith,total_bases,prizepicks,3.5,0.08663988394761005,0.01143577713132471,0.5850622406639004,UNDER,1.3824397771135075,1.3824397771135075,VERY_HIGH,3,0.25,250.0,3-pick entry (~58.5% per leg)
Jurickson Profar,total_bases,prizepicks,3.5,0.08663988394761005,0.01143577713132471,0.5850622406639004,UNDER,1.3824397771135075,1.3824397771135075,VERY_HIGH,3,0.25,250.0,3-pick entry (~58.5% per leg)
Elly De La Cruz,hitter_strikeouts,prizepicks,2.5,0.027958781989683573,0.04532108029790871,0.5850622406639004,UNDER,1.3007761964820401,1.3007761964820401,VERY_HIGH,3,0.25,250.0,3-pick entry (~58.5% per leg)
Matt Olson,total_bases,prizepicks,2.5,0.08663988394761005,0.053818367307380766,0.5850622406639004,UNDER,1.2802977347892126,1.2802977347892126,VERY_HIGH,3,0.25,250.0,3-pick entry (~58.5% per leg)
Matt Olson,total_bases,prizepicks,2.5,0.08663988394761005,0.053818367307380766,0.5850622406639004,UNDER,1.2802977347892126,1.2802977347892126,VERY_HIGH,3,0.25,250.0,3-pick entry (~58.5% per leg)
Josh Smith,total_bases,prizepicks,2.5,0.08663988394761005,0.053818367307380766,0.5850622406639004,UNDER,1.2802977347892126,1.2802977347892126,VERY_HIGH,3,0.25,250.0,3-pick entry (~58.5% per leg)
Matt McLain,total_bases,prizepicks,2.5,0.08663988394761005,0.053818367307380766,0.5850622406639004,UNDER,1.2802977347892126,1.2802977347892126,VERY_HIGH,3,0.25,250.0,3-pick entry (~58.5% per leg)
Matt McLain,total_bases,prizepicks,2.5,0.08663988394761005,0.053818367307380766,0.5850622406639004,UNDER,1.2802977347892126,1.2802977347892126,VERY_HIGH,3,0.25,250.0,3-pick entry (~58.5% per leg)
Marcus Semien,total_bases,prizepicks,2.5,0.08663988394761005,0.053818367307380766,0.5850622406639004,UNDER,1.2802977347892126,1.2802977347892126,VERY_HIGH,3,0.25,250.0,3-pick entry (~58.5% per leg)
Josh Smith,total_bases,prizepicks,2.5,0.08663988394761005,0.053818367307380766,0.5850622406639004,UNDER,1.2802977347892126,1.2802977347892126,VERY_HIGH,3,0.25,250.0,3-pick entry (~58.5% per leg)
Noelvi Marte,total_bases,prizepicks,2.5,0.08663988394761005,0.053818367307380766,0.5850622406639004,UNDER,1.2802977347892126,1.2802977347892126,VERY_HIGH,3,0.25,250.0,3-pick entry (~58.5% per leg)
Josh Smith,total_bases,prizepicks,2.5,0.08663988394761005,0.053818367307380766,0.5850622406639004,UNDER,1.2802977347892126,1.2802977347892126,VERY_HIGH,3,0.25,250.0,3-pick entry (~58.5% per leg)
Josh Jung,total_bases,prizepicks,2.5,0.08663988394761005,0.053818367307380766,0.5850622406639004,UNDER,1.2802977347892126,1.2802977347892126,VERY_HIGH,3,0.25,250.0,3-pick entry (~58.5% per leg)
Elly De La Cruz,total_bases,prizepicks,2.5,0.08663988394761005,0.053818367307380766,0.5850622406639004,UNDER,1.2802977347892126,1.2802977347892126,VERY_HIGH,3,0.25,250.0,3-pick entry (~58.5% per leg)
Matt McLain,total_bases,prizepicks,2.5,0.08663988394761005,0.053818367307380766,0.5850622406639004,UNDER,1.2802977347892126,1.2802977347892126,VERY_HIGH,3,0.25,250.0,3-pick entry (~58.5% per leg)
Matt McLain,total_bases,prizepicks,2.5,0.08663988394761005,0.053818367307380766,0.5850622406639004,UNDER,1.2802977347892126,1.2802977347892126,VERY_HIGH,3,0.25,250.0,3-pick entry (~58.5% per leg)
Josh Smith,total_bases,prizepicks,2.5,0.08663988394761005,0.053818367307380766,0.5850622406639004,UNDER,1.2802977347892126,1.2802977347892126,VERY_HIGH,3,0.25,250.0,3-pick entry (~58.5% per leg)
TJ Friedl,total_bases,prizepicks,2.5,0.08663988394761005,0.053818367307380766,0.5850622406639004,UNDER,1.2802977347892126,1.2802977347892126,VERY_HIGH,3,0.25,250.0,3-pick entry (~58.5% per leg)
Josh Smith,total_bases,prizepicks,2.5,0.08663988394761005,0.053818367307380766,0.5850622406639004,UNDER,1.2802977347892126,1.2802977347892126,VERY_HIGH,3,0.25,250.0,3-pick entry (~58.5% per leg)
Tyler Stephenson,rbi,prizepicks,1.5,0.045911672074709614,0.07296090959215029,0.5850622406639004,UNDER,1.2341642078829178,1.2341642078829178,VERY_HIGH,3,0.25,250.0,3-pick entry (~58.5% per leg)
Tyler Stephenson,rbi,prizepicks,1.5,0.045911672074709614,0.07296090959215029,0.5850622406639004,UNDER,1.2341642078829178,1.2341642078829178,VERY_HIGH,3,0.25,250.0,3-pick entry (~58.5% per leg)
Drake Baldwin,rbi,prizepicks,1.5,0.045911672074709614,0.07296090959215029,0.5850622406639004,UNDER,1.2341642078829178,1.2341642078829178,VERY_HIGH,3,0.25,250.0,3-pick entry (~58.5% per leg)
Matt Olson,rbi,prizepicks,1.5,0.045911672074709614,0.07296090959215029,0.5850622406639004,UNDER,1.2341642078829178,1.2341642078829178,VERY_HIGH,3,0.25,250.0,3-pick entry (~58.5% per leg)
Matt Olson,rbi,prizepicks,1.5,0.045911672074709614,0.07296090959215029,0.5850622406639004,UNDER,1.2341642078829178,1.2341642078829178,VERY_HIGH,3,0.25,250.0,3-pick entry (~58.5% per leg)
Matt Olson,rbi,prizepicks,1.5,0.045911672074709614,0.07296090959215029,0.5850622406639004,UNDER,1.2341642078829178,1.2341642078829178,VERY_HIGH,3,0.25,250.0,3-pick entry (~58.5% per leg)
Matt Olson,rbi,prizepicks,1.5,0.045911672074709614,0.07296090959215029,0.5850622406639004,UNDER,1.2341642078829178,1.2341642078829178,VERY_HIGH,3,0.25,250.0,3-pick entry (~58.5% per leg)
Spencer Steer,rbi,prizepicks,1.5,0.045911672074709614,0.07296090959215029,0.5850622406639004,UNDER,1.2341642078829178,1.2341642078829178,VERY_HIGH,3,0.25,250.0,3-pick entry (~58.5% per leg)
Spencer Steer,rbi,prizepicks,1.5,0.045911672074709614,0.07296090959215029,0.5850622406639004,UNDER,1.2341642078829178,1.2341642078829178,VERY_HIGH,3,0.25,250.0,3-pick entry (~58.5% per leg)
Josh Smith,rbi,prizepicks,1.5,0.045911672074709614,0.07296090959215029,0.5850622406639004,UNDER,1.2341642078829178,1.2341642078829178,VERY_HIGH,3,0.25,250.0,3-pick entry (~58.5% per leg)
Josh Smith,rbi,prizepicks,1.5,0.045911672074709614,0.07296090959215029,0.5850622406639004,UNDER,1.2341642078829178,1.2341642078829178,VERY_HIGH,3,0.25,250.0,3-pick entry (~58.5% per leg)
Josh Smith,rbi,prizepicks,1.5,0.045911672074709614,0.07296090959215029,0.5850622406639004,UNDER,1.2341642078829178,1.2341642078829178,VERY_HIGH,3,0.25,250.0,3-pick entry (~58.5% per leg)
Josh Smith,rbi,prizepicks,1.5,0.045911672074709614,0.07296090959215029,0.5850622406639004,UNDER,1.2341642078829178,1.2341642078829178,VERY_HIGH,3,0.25,250.0,3-pick entry (~58.5% per leg)
Matt McLain,rbi,prizepicks,1.5,0.045911672074709614,0.07296090959215029,0.5850622406639004,UNDER,1.2341642078829178,1.2341642078829178,VERY_HIGH,3,0.25,250.0,3-pick entry (~58.5% per leg)
Matt McLain,rbi,prizepicks,1.5,0.045911672074709614,0.07296090959215029,0.5850622406639004,UNDER,1.2341642078829178,1.2341642078829178,VERY_HIGH,3,0.25,250.0,3-pick entry (~58.5% per leg)
Matt McLain,rbi,prizepicks,1.5,0.045911672074709614,0.07296090959215029,0.5850622406639004,UNDER,1.2341642078829178,1.2341642078829178,VERY_HIGH,3,0.25,250.0,3-pick entry (~58.5% per leg)
Matt McLain,rbi,prizepicks,1.5,0.045911672074709614,0.07296090959215029,0.5850622406639004,UNDER,1.2341642078829178,1.2341642078829178,VERY_HIGH,3,0.25,250.0,3-pick entry (~58.5% per leg)
Spencer Steer,rbi,prizepicks,1.5,0.045911672074709614,0.07296090959215029,0.5850622406639004,UNDER,1.2341642078829178,1.2341642078829178,VERY_HIGH,3,0.25,250.0,3-pick entry (~58.5% per leg)
Spencer Steer,rbi,prizepicks,1.5,0.045911672074709614,0.07296090959215029,0.5850622406639004,UNDER,1.2341642078829178,1.2341642078829178,VERY_HIGH,3,0.25,250.0,3-pick entry (~58.5% per leg)
Marcus Semien,rbi,prizepicks,1.5,0.045911672074709614,0.07296090959215029,0.5850622406639004,UNDER,1.2341642078829178,1.2341642078829178,VERY_HIGH,3,0.25,250.0,3-pick entry (~58.5% per leg)
Josh Smith,rbi,prizepicks,1.5,0.045911672074709614,0.07296090959215029,0.5850622406639004,UNDER,1.2341642078829178,1.2341642078829178,VERY_HIGH,3,0.25,250.0,3-pick entry (~58.5% per leg)
Josh Smith,rbi,prizepicks,1.5,0.045911672074709614,0.07296090959215029,0.5850622406639004,UNDER,1.2341642078829178,1.2341642078829178,VERY_HIGH,3,0.25,250.0,3-pick entry (~58.5% per leg)
Josh Smith,rbi,prizepicks,1.5,0.045911672074709614,0.07296090959215029,0.5850622406639004,UNDER,1.2341642078829178,1.2341642078829178,VERY_HIGH,3,0.25,250.0,3-pick entry (~58.5% per leg)
Josh Smith,rbi,prizepicks,1.5,0.045911672074709614,0.07296090959215029,0.5850622406639004,UNDER,1.2341642078829178,1.2341642078829178,VERY_HIGH,3,0.25,250.0,3-pick entry (~58.5% per leg)
Noelvi Marte,rbi,prizepicks,1.5,0.045911672074709614,0.07296090959215029,0.5850622406639004,UNDER,1.2341642078829178,1.2341642078829178,VERY_HIGH,3,0.25,250.0,3-pick entry (~58.5% per leg)
Josh Smith,rbi,prizepicks,1.5,0.045911672074709614,0.07296090959215029,0.5850622406639004,UNDER,1.2341642078829178,1.2341642078829178,VERY_HIGH,3,0.25,250.0,3-pick entry (~58.5% per leg)
Josh Smith,rbi,prizepicks,1.5,0.045911672074709614,0.07296090959215029,0.5850622406639004,UNDER,1.2341642078829178,1.2341642078829178,VERY_HIGH,3,0.25,250.0,3-pick entry (~58.5% per leg)
Josh Smith,rbi,prizepicks,1.5,0.045911672074709614,0.07296090959215029,0.5850622406639004,UNDER,1.2341642078829178,1.2341642078829178,VERY_HIGH,3,0.25,250.0,3-pick entry (~58.5% per leg)
Josh Smith,rbi,prizepicks,1.5,0.045911672074709614,0.07296090959215029,0.5850622406639004,UNDER,1.2341642078829178,1.2341642078829178,VERY_HIGH,3,0.25,250.0,3-pick entry (~58.5% per leg)
Josh Jung,rbi,prizepicks,1.5,0.045911672074709614,0.07296090959215029,0.5850622406639004,UNDER,1.2341642078829178,1.2341642078829178,VERY_HIGH,3,0.25,250.0,3-pick entry (~58.5% per leg)
Josh Jung,rbi,prizepicks,1.5,0.045911672074709614,0.07296090959215029,0.5850622406639004,UNDER,1.2341642078829178,1.2341642078829178,VERY_HIGH,3,0.25,250.0,3-pick entry (~58.5% per leg)
Josh Jung,rbi,prizepicks,1.5,0.045911672074709614,0.07296090959215029,0.5850622406639004,UNDER,1.2341642078829178,1.2341642078829178,VERY_HIGH,3,0.25,250.0,3-pick entry (~58.5% per leg)
Josh Jung,rbi,prizepicks,1.5,0.045911672074709614,0.07296090959215029,0.5850622406639004,UNDER,1.2341642078829178,1.2341642078829178,VERY_HIGH,3,0.25,250.0,3-pick entry (~58.5% per leg)
Elly De La Cruz,rbi,prizepicks,1.5,0.045911672074709614,0.07296090959215029,0.5850622406639004,UNDER,1.2341642078829178,1.2341642078829178,VERY_HIGH,3,0.25,250.0,3-pick entry (~58.5% per leg)
Elly De La Cruz,rbi,prizepicks,1.5,0.045911672074709614,0.07296090959215029,0.5850622406639004,UNDER,1.2341642078829178,1.2341642078829178,VERY_HIGH,3,0.25,250.0,3-pick entry (~58.5% per leg)
Corey Seager,rbi,prizepicks,1.5,0.045911672074709614,0.07296090959215029,0.5850622406639004,UNDER,1.2341642078829178,1.2341642078829178,VERY_HIGH,3,0.25,250.0,3-pick entry (~58.5% per leg)
Matt McLain,rbi,prizepicks,1.5,0.045911672074709614,0.07296090959215029,0.5850622406639004,UNDER,1.2341642078829178,1.2341642078829178,VERY_HIGH,3,0.25,250.0,3-pick entry (~58.5% per leg)
Matt McLain,rbi,prizepicks,1.5,0.045911672074709614,0.07296090959215029,0.5850622406639004,UNDER,1.2341642078829178,1.2341642078829178,VERY_HIGH,3,0.25,250.0,3-pick entry (~58.5% per leg)
Matt McLain,rbi,prizepicks,1.5,0.045911672074709614,0.07296090959215029,0.5850622406639004,UNDER,1.2341642078829178,1.2341642078829178,VERY_HIGH,3,0.25,250.0,3-pick entry (~58.5% per leg)
Matt McLain,rbi,prizepicks,1.5,0.045911672074709614,0.07296090959215029,0.5850622406639004,UNDER,1.2341642078829178,1.2341642078829178,VERY_HIGH,3,0.25,250.0,3-pick entry (~58.5% per leg)
Josh Smith,rbi,prizepicks,1.5,0.045911672074709614,0.07296090959215029,0.5850622406639004,UNDER,1.2341642078829178,1.2341642078829178,VERY_HIGH,3,0.25,250.0,3-pick entry (~58.5% per leg)
Josh Smith,rbi,prizepicks,1.5,0.045911672074709614,0.07296090959215029,0.5850622406639004,UNDER,1.2341642078829178,1.2341642078829178,VERY_HIGH,3,0.25,250.0,3-pick entry (~58.5% per leg)
Josh Smith,rbi,prizepicks,1.5,0.045911672074709614,0.07296090959215029,0.5850622406639004,UNDER,1.2341642078829178,1.2341642078829178,VERY_HIGH,3,0.25,250.0,3-pick entry (~58.5% per leg)
Josh Smith,rbi,prizepicks,1.5,0.045911672074709614,0.07296090959215029,0.5850622406639004,UNDER,1.2341642078829178,1.2341642078829178,VERY_HIGH,3,0.25,250.0,3-pick entry (~58.5% per leg)
Austin Hays,rbi,prizepicks,1.5,0.045911672074709614,0.07296090959215029,0.5850622406639004,UNDER,1.2341642078829178,1.2341642078829178,VERY_HIGH,3,0.25,250.0,3-pick entry (~58.5% per leg)
Wyatt Langford,rbi,prizepicks,1.5,0.045911672074709614,0.07296090959215029,0.5850622406639004,UNDER,1.2341642078829178,1.2341642078829178,VERY_HIGH,3,0.25,250.0,3-pick entry (~58.5% per leg)
Marcell Ozuna,rbi,prizepicks,1.5,0.045911672074709614,0.07296090959215029,0.5850622406639004,UNDER,1.2341642078829178,1.2341642078829178,VERY_HIGH,3,0.25,250.0,3-pick entry (~58.5% per leg)
Adolis Garcia,rbi,prizepicks,1.5,0.045911672074709614,0.07296090959215029,0.5850622406639004,UNDER,1.2341642078829178,1.2341642078829178,VERY_HIGH,3,0.25,250.0,3-pick entry (~58.5% per leg)
Spencer Steer,rbi,prizepicks,1.5,0.045911672074709614,0.07296090959215029,0.5850622406639004,UNDER,1.2341642078829178,1.2341642078829178,VERY_HIGH,3,0.25,250.0,3-pick entry (~58.5% per leg)
Spencer Steer,rbi,prizepicks,1.5,0.045911672074709614,0.07296090959215029,0.5850622406639004,UNDER,1.2341642078829178,1.2341642078829178,VERY_HIGH,3,0.25,250.0,3-pick entry (~58.5% per leg)
Josh Smith,rbi,prizepicks,1.5,0.045911672074709614,0.07296090959215029,0.5850622406639004,UNDER,1.2341642078829178,1.2341642078829178,VERY_HIGH,3,0.25,250.0,3-pick entry (~58.5% per leg)
Josh Smith,rbi,prizepicks,1.5,0.045911672074709614,0.07296090959215029,0.5850622406639004,UNDER,1.2341642078829178,1.2341642078829178,VERY_HIGH,3,0.25,250.0,3-pick entry (~58.5% per leg)
Josh Smith,rbi,prizepicks,1.5,0.045911672074709614,0.07296090959215029,0.5850622406639004,UNDER,1.2341642078829178,1.2341642078829178,VERY_HIGH,3,0.25,250.0,3-pick entry (~58.5% per leg)
Josh Smith,rbi,prizepicks,1.5,0.045911672074709614,0.07296090959215029,0.5850622406639004,UNDER,1.2341642078829178,1.2341642078829178,VERY_HIGH,3,0.25,250.0,3-pick entry (~58.5% per leg)
Jurickson Profar,rbi,prizepicks,1.5,0.045911672074709614,0.07296090959215029,0.5850622406639004,UNDER,1.2341642078829178,1.2341642078829178,VERY_HIGH,3,0.25,250.0,3-pick entry (~58.5% per leg)
Tyler Stephenson,hits,prizepicks,1.5,0.06814100855805141,0.0760920902347626,0.5850622406639004,UNDER,1.2266180625342222,1.2266180625342222,VERY_HIGH,3,0.25,250.0,3-pick entry (~58.5% per leg)
Tyler Stephenson,hits,prizepicks,1.5,0.06814100855805141,0.0760920902347626,0.5850622406639004,UNDER,1.2266180625342222,1.2266180625342222,VERY_HIGH,3,0.25,250.0,3-pick entry (~58.5% per leg)
Tyler Stephenson,hits,prizepicks,1.5,0.06814100855805141,0.0760920902347626,0.5850622406639004,UNDER,1.2266180625342222,1.2266180625342222,VERY_HIGH,3,0.25,250.0,3-pick entry (~58.5% per leg)
Drake Baldwin,hits,prizepicks,1.5,0.06814100855805141,0.0760920902347626,0.5850622406639004,UNDER,1.2266180625342222,1.2266180625342222,VERY_HIGH,3,0.25,250.0,3-pick entry (~58.5% per leg)
Matt Olson,hits,prizepicks,1.5,0.06814100855805141,0.0760920902347626,0.5850622406639004,UNDER,1.2266180625342222,1.2266180625342222,VERY_HIGH,3,0.25,250.0,3-pick entry (~58.5% per leg)
Matt Olson,hits,prizepicks,1.5,0.06814100855805141,0.0760920902347626,0.5850622406639004,UNDER,1.2266180625342222,1.2266180625342222,VERY_HIGH,3,0.25,250.0,3-pick entry (~58.5% per leg)
Matt Olson,hits,prizepicks,1.5,0.06814100855805141,0.0760920902347626,0.5850622406639004,UNDER,1.2266180625342222,1.2266180625342222,VERY_HIGH,3,0.25,250.0,3-pick entry (~58.5% per leg)
Matt Olson,hits,prizepicks,1.5,0.06814100855805141,0.0760920902347626,0.5850622406639004,UNDER,1.2266180625342222,1.2266180625342222,VERY_HIGH,3,0.25,250.0,3-pick entry (~58.5% per leg)
Spencer Steer,hits,prizepicks,1.5,0.06814100855805141,0.0760920902347626,0.5850622406639004,UNDER,1.2266180625342222,1.2266180625342222,VERY_HIGH,3,0.25,250.0,3-pick entry (~58.5% per leg)
Spencer Steer,hits,prizepicks,1.5,0.06814100855805141,0.0760920902347626,0.5850622406639004,UNDER,1.2266180625342222,1.2266180625342222,VERY_HIGH,3,0.25,250.0,3-pick entry (~58.5% per leg)
Spencer Steer,hits,prizepicks,1.5,0.06814100855805141,0.0760920902347626,0.5850622406639004,UNDER,1.2266180625342222,1.2266180625342222,VERY_HIGH,3,0.25,250.0,3-pick entry (~58.5% per leg)
Josh Smith,hits,prizepicks,1.5,0.06814100855805141,0.0760920902347626,0.5850622406639004,UNDER,1.2266180625342222,1.2266180625342222,VERY_HIGH,3,0.25,250.0,3-pick entry (~58.5% per leg)
Josh Smith,hits,prizepicks,1.5,0.06814100855805141,0.0760920902347626,0.5850622406639004,UNDER,1.2266180625342222,1.2266180625342222,VERY_HIGH,3,0.25,250.0,3-pick entry (~58.5% per leg)
Josh Smith,hits,prizepicks,1.5,0.06814100855805141,0.0760920902347626,0.5850622406639004,UNDER,1.2266180625342222,1.2266180625342222,VERY_HIGH,3,0.25,250.0,3-pick entry (~58.5% per leg)
Josh Smith,hits,prizepicks,1.5,0.06814100855805141,0.0760920902347626,0.5850622406639004,UNDER,1.2266180625342222,1.2266180625342222,VERY_HIGH,3,0.25,250.0,3-pick entry (~58.5% per leg)
Matt McLain,hits,prizepicks,1.5,0.06814100855805141,0.0760920902347626,0.5850622406639004,UNDER,1.2266180625342222,1.2266180625342222,VERY_HIGH,3,0.25,250.0,3-pick entry (~58.5% per leg)
Matt McLain,hits,prizepicks,1.5,0.06814100855805141,0.0760920902347626,0.5850622406639004,UNDER,1.2266180625342222,1.2266180625342222,VERY_HIGH,3,0.25,250.0,3-pick entry (~58.5% per leg)
Matt McLain,hits,prizepicks,1.5,0.06814100855805141,0.0760920902347626,0.5850622406639004,UNDER,1.2266180625342222,1.2266180625342222,VERY_HIGH,3,0.25,250.0,3-pick entry (~58.5% per leg)
Matt McLain,hits,prizepicks,1.5,0.06814100855805141,0.0760920902347626,0.5850622406639004,UNDER,1.2266180625342222,1.2266180625342222,VERY_HIGH,3,0.25,250.0,3-pick entry (~58.5% per leg)
Spencer Steer,hits,prizepicks,1.5,0.06814100855805141,0.0760920902347626,0.5850622406639004,UNDER,1.2266180625342222,1.2266180625342222,VERY_HIGH,3,0.25,250.0,3-pick entry (~58.5% per leg)
Spencer Steer,hits,prizepicks,1.5,0.06814100855805141,0.0760920902347626,0.5850622406639004,UNDER,1.2266180625342222,1.2266180625342222,VERY_HIGH,3,0.25,250.0,3-pick entry (~58.5% per leg)
Spencer Steer,hits,prizepicks,1.5,0.06814100855805141,0.0760920902347626,0.5850622406639004,UNDER,1.2266180625342222,1.2266180625342222,VERY_HIGH,3,0.25,250.0,3-pick entry (~58.5% per leg)
Marcus Semien,hits,prizepicks,1.5,0.06814100855805141,0.0760920902347626,0.5850622406639004,UNDER,1.2266180625342222,1.2266180625342222,VERY_HIGH,3,0.25,250.0,3-pick entry (~58.5% per leg)
Josh Smith,hits,prizepicks,1.5,0.06814100855805141,0.0760920902347626,0.5850622406639004,UNDER,1.2266180625342222,1.2266180625342222,VERY_HIGH,3,0.25,250.0,3-pick entry (~58.5% per leg)
Josh Smith,hits,prizepicks,1.5,0.06814100855805141,0.0760920902347626,0.5850622406639004,UNDER,1.2266180625342222,1.2266180625342222,VERY_HIGH,3,0.25,250.0,3-pick entry (~58.5% per leg)
Josh Smith,hits,prizepicks,1.5,0.06814100855805141,0.0760920902347626,0.5850622406639004,UNDER,1.2266180625342222,1.2266180625342222,VERY_HIGH,3,0.25,250.0,3-pick entry (~58.5% per leg)
Josh Smith,hits,prizepicks,1.5,0.06814100855805141,0.0760920902347626,0.5850622406639004,UNDER,1.2266180625342222,1.2266180625342222,VERY_HIGH,3,0.25,250.0,3-pick entry (~58.5% per leg)
Noelvi Marte,hits,prizepicks,1.5,0.06814100855805141,0.0760920902347626,0.5850622406639004,UNDER,1.2266180625342222,1.2266180625342222,VERY_HIGH,3,0.25,250.0,3-pick entry (~58.5% per leg)
Josh Smith,hits,prizepicks,1.5,0.06814100855805141,0.0760920902347626,0.5850622406639004,UNDER,1.2266180625342222,1.2266180625342222,VERY_HIGH,3,0.25,250.0,3-pick entry (~58.5% per leg)
Josh Smith,hits,prizepicks,1.5,0.06814100855805141,0.0760920902347626,0.5850622406639004,UNDER,1.2266180625342222,1.2266180625342222,VERY_HIGH,3,0.25,250.0,3-pick entry (~58.5% per leg)
Josh Smith,hits,prizepicks,1.5,0.06814100855805141,0.0760920902347626,0.5850622406639004,UNDER,1.2266180625342222,1.2266180625342222,VERY_HIGH,3,0.25,250.0,3-pick entry (~58.5% per leg)
Josh Smith,hits,prizepicks,1.5,0.06814100855805141,0.0760920902347626,0.5850622406639004,UNDER,1.2266180625342222,1.2266180625342222,VERY_HIGH,3,0.25,250.0,3-pick entry (~58.5% per leg)
Josh Jung,hits,prizepicks,1.5,0.06814100855805141,0.0760920902347626,0.5850622406639004,UNDER,1.2266180625342222,1.2266180625342222,VERY_HIGH,3,0.25,250.0,3-pick entry (~58.5% per leg)
Josh Jung,hits,prizepicks,1.5,0.06814100855805141,0.0760920902347626,0.5850622406639004,UNDER,1.2266180625342222,1.2266180625342222,VERY_HIGH,3,0.25,250.0,3-pick entry (~58.5% per leg)
Josh Jung,hits,prizepicks,1.5,0.06814100855805141,0.0760920902347626,0.5850622406639004,UNDER,1.2266180625342222,1.2266180625342222,VERY_HIGH,3,0.25,250.0,3-pick entry (~58.5% per leg)
Josh Jung,hits,prizepicks,1.5,0.06814100855805141,0.0760920902347626,0.5850622406639004,UNDER,1.2266180625342222,1.2266180625342222,VERY_HIGH,3,0.25,250.0,3-pick entry (~58.5% per leg)
Elly De La Cruz,hits,prizepicks,1.5,0.06814100855805141,0.0760920902347626,0.5850622406639004,UNDER,1.2266180625342222,1.2266180625342222,VERY_HIGH,3,0.25,250.0,3-pick entry (~58.5% per leg)
Elly De La Cruz,hits,prizepicks,1.5,0.06814100855805141,0.0760920902347626,0.5850622406639004,UNDER,1.2266180625342222,1.2266180625342222,VERY_HIGH,3,0.25,250.0,3-pick entry (~58.5% per leg)
Matt McLain,hits,prizepicks,1.5,0.06814100855805141,0.0760920902347626,0.5850622406639004,UNDER,1.2266180625342222,1.2266180625342222,VERY_HIGH,3,0.25,250.0,3-pick entry (~58.5% per leg)
Matt McLain,hits,prizepicks,1.5,0.06814100855805141,0.0760920902347626,0.5850622406639004,UNDER,1.2266180625342222,1.2266180625342222,VERY_HIGH,3,0.25,250.0,3-pick entry (~58.5% per leg)
Matt McLain,hits,prizepicks,1.5,0.06814100855805141,0.0760920902347626,0.5850622406639004,UNDER,1.2266180625342222,1.2266180625342222,VERY_HIGH,3,0.25,250.0,3-pick entry (~58.5% per leg)
Matt McLain,hits,prizepicks,1.5,0.06814100855805141,0.0760920902347626,0.5850622406639004,UNDER,1.2266180625342222,1.2266180625342222,VERY_HIGH,3,0.25,250.0,3-pick entry (~58.5% per leg)
Josh Smith,hits,prizepicks,1.5,0.06814100855805141,0.0760920902347626,0.5850622406639004,UNDER,1.2266180625342222,1.2266180625342222,VERY_HIGH,3,0.25,250.0,3-pick entry (~58.5% per leg)
Josh Smith,hits,prizepicks,1.5,0.06814100855805141,0.0760920902347626,0.5850622406639004,UNDER,1.2266180625342222,1.2266180625342222,VERY_HIGH,3,0.25,250.0,3-pick entry (~58.5% per leg)
Josh Smith,hits,prizepicks,1.5,0.06814100855805141,0.0760920902347626,0.5850622406639004,UNDER,1.2266180625342222,1.2266180625342222,VERY_HIGH,3,0.25,250.0,3-pick entry (~58.5% per leg)
Josh Smith,hits,prizepicks,1.5,0.06814100855805141,0.0760920902347626,0.5850622406639004,UNDER,1.2266180625342222,1.2266180625342222,VERY_HIGH,3,0.25,250.0,3-pick entry (~58.5% per leg)
Austin Hays,hits,prizepicks,1.5,0.06814100855805141,0.0760920902347626,0.5850622406639004,UNDER,1.2266180625342222,1.2266180625342222,VERY_HIGH,3,0.25,250.0,3-pick entry (~58.5% per leg)
Austin Hays,hits,prizepicks,1.5,0.06814100855805141,0.0760920902347626,0.5850622406639004,UNDER,1.2266180625342222,1.2266180625342222,VERY_HIGH,3,0.25,250.0,3-pick entry (~58.5% per leg)
Wyatt Langford,hits,prizepicks,1.5,0.06814100855805141,0.0760920902347626,0.5850622406639004,UNDER,1.2266180625342222,1.2266180625342222,VERY_HIGH,3,0.25,250.0,3-pick entry (~58.5% per leg)
Marcell Ozuna,hits,prizepicks,1.5,0.06814100855805141,0.0760920902347626,0.5850622406639004,UNDER,1.2266180625342222,1.2266180625342222,VERY_HIGH,3,0.25,250.0,3-pick entry (~58.5% per leg)
TJ Friedl,hits,prizepicks,1.5,0.06814100855805141,0.0760920902347626,0.5850622406639004,UNDER,1.2266180625342222,1.2266180625342222,VERY_HIGH,3,0.25,250.0,3-pick entry (~58.5% per leg)
Adolis Garcia,hits,prizepicks,1.5,0.06814100855805141,0.0760920902347626,0.5850622406639004,UNDER,1.2266180625342222,1.2266180625342222,VERY_HIGH,3,0.25,250.0,3-pick entry (~58.5% per leg)
Spencer Steer,hits,prizepicks,1.5,0.06814100855805141,0.0760920902347626,0.5850622406639004,UNDER,1.2266180625342222,1.2266180625342222,VERY_HIGH,3,0.25,250.0,3-pick entry (~58.5% per leg)
Spencer Steer,hits,prizepicks,1.5,0.06814100855805141,0.0760920902347626,0.5850622406639004,UNDER,1.2266180625342222,1.2266180625342222,VERY_HIGH,3,0.25,250.0,3-pick entry (~58.5% per leg)
Spencer Steer,hits,prizepicks,1.5,0.06814100855805141,0.0760920902347626,0.5850622406639004,UNDER,1.2266180625342222,1.2266180625342222,VERY_HIGH,3,0.25,250.0,3-pick entry (~58.5% per leg)
Josh Smith,hits,prizepicks,1.5,0.06814100855805141,0.0760920902347626,0.5850622406639004,UNDER,1.2266180625342222,1.2266180625342222,VERY_HIGH,3,0.25,250.0,3-pick entry (~58.5% per leg)
Josh Smith,hits,prizepicks,1.5,0.06814100855805141,0.0760920902347626,0.5850622406639004,UNDER,1.2266180625342222,1.2266180625342222,VERY_HIGH,3,0.25,250.0,3-pick entry (~58.5% per leg)
Josh Smith,hits,prizepicks,1.5,0.06814100855805141,0.0760920902347626,0.5850622406639004,UNDER,1.2266180625342222,1.2266180625342222,VERY_HIGH,3,0.25,250.0,3-pick entry (~58.5% per leg)
Josh Smith,hits,prizepicks,1.5,0.06814100855805141,0.0760920902347626,0.5850622406639004,UNDER,1.2266180625342222,1.2266180625342222,VERY_HIGH,3,0.25,250.0,3-pick entry (~58.5% per leg)
Jurickson Profar,hits,prizepicks,1.5,0.06814100855805141,0.0760920902347626,0.5850622406639004,UNDER,1.2266180625342222,1.2266180625342222,VERY_HIGH,3,0.25,250.0,3-pick entry (~58.5% per leg)
Tyler Stephenson,runs,prizepicks,1.5,0.13333641293421922,0.08586538811890632,0.5850622406639004,UNDER,1.203064414633436,1.203064414633436,VERY_HIGH,3,0.25,250.0,3-pick entry (~58.5% per leg)
Tyler Stephenson,runs,prizepicks,1.5,0.13333641293421922,0.08586538811890632,0.5850622406639004,UNDER,1.203064414633436,1.203064414633436,VERY_HIGH,3,0.25,250.0,3-pick entry (~58.5% per leg)
Matt Olson,runs,prizepicks,1.5,0.13333641293421922,0.08586538811890632,0.5850622406639004,UNDER,1.203064414633436,1.203064414633436,VERY_HIGH,3,0.25,250.0,3-pick entry (~58.5% per leg)
Matt Olson,runs,prizepicks,1.5,0.13333641293421922,0.08586538811890632,0.5850622406639004,UNDER,1.203064414633436,1.203064414633436,VERY_HIGH,3,0.25,250.0,3-pick entry (~58.5% per leg)
Spencer Steer,runs,prizepicks,1.5,0.13333641293421922,0.08586538811890632,0.5850622406639004,UNDER,1.203064414633436,1.203064414633436,VERY_HIGH,3,0.25,250.0,3-pick entry (~58.5% per leg)
Josh Smith,runs,prizepicks,1.5,0.13333641293421922,0.08586538811890632,0.5850622406639004,UNDER,1.203064414633436,1.203064414633436,VERY_HIGH,3,0.25,250.0,3-pick entry (~58.5% per leg)
Josh Smith,runs,prizepicks,1.5,0.13333641293421922,0.08586538811890632,0.5850622406639004,UNDER,1.203064414633436,1.203064414633436,VERY_HIGH,3,0.25,250.0,3-pick entry (~58.5% per leg)
Matt McLain,runs,prizepicks,1.5,0.13333641293421922,0.08586538811890632,0.5850622406639004,UNDER,1.203064414633436,1.203064414633436,VERY_HIGH,3,0.25,250.0,3-pick entry (~58.5% per leg)
Matt McLain,runs,prizepicks,1.5,0.13333641293421922,0.08586538811890632,0.5850622406639004,UNDER,1.203064414633436,1.203064414633436,VERY_HIGH,3,0.25,250.0,3-pick entry (~58.5% per leg)
Spencer Steer,runs,prizepicks,1.5,0.13333641293421922,0.08586538811890632,0.5850622406639004,UNDER,1.203064414633436,1.203064414633436,VERY_HIGH,3,0.25,250.0,3-pick entry (~58.5% per leg)
Marcus Semien,runs,prizepicks,1.5,0.13333641293421922,0.08586538811890632,0.5850622406639004,UNDER,1.203064414633436,1.203064414633436,VERY_HIGH,3,0.25,250.0,3-pick entry (~58.5% per leg)
Josh Smith,runs,prizepicks,1.5,0.13333641293421922,0.08586538811890632,0.5850622406639004,UNDER,1.203064414633436,1.203064414633436,VERY_HIGH,3,0.25,250.0,3-pick entry (~58.5% per leg)
Josh Smith,runs,prizepicks,1.5,0.13333641293421922,0.08586538811890632,0.5850622406639004,UNDER,1.203064414633436,1.203064414633436,VERY_HIGH,3,0.25,250.0,3-pick entry (~58.5% per leg)
Josh Smith,runs,prizepicks,1.5,0.13333641293421922,0.08586538811890632,0.5850622406639004,UNDER,1.203064414633436,1.203064414633436,VERY_HIGH,3,0.25,250.0,3-pick entry (~58.5% per leg)
Josh Smith,runs,prizepicks,1.5,0.13333641293421922,0.08586538811890632,0.5850622406639004,UNDER,1.203064414633436,1.203064414633436,VERY_HIGH,3,0.25,250.0,3-pick entry (~58.5% per leg)
Josh Jung,runs,prizepicks,1.5,0.13333641293421922,0.08586538811890632,0.5850622406639004,UNDER,1.203064414633436,1.203064414633436,VERY_HIGH,3,0.25,250.0,3-pick entry (~58.5% per leg)
Josh Jung,runs,prizepicks,1.5,0.13333641293421922,0.08586538811890632,0.5850622406639004,UNDER,1.203064414633436,1.203064414633436,VERY_HIGH,3,0.25,250.0,3-pick entry (~58.5% per leg)
Elly De La Cruz,runs,prizepicks,1.5,0.13333641293421922,0.08586538811890632,0.5850622406639004,UNDER,1.203064414633436,1.203064414633436,VERY_HIGH,3,0.25,250.0,3-pick entry (~58.5% per leg)
Corey Seager,runs,prizepicks,1.5,0.13333641293421922,0.08586538811890632,0.5850622406639004,UNDER,1.203064414633436,1.203064414633436,VERY_HIGH,3,0.25,250.0,3-pick entry (~58.5% per leg)
Matt McLain,runs,prizepicks,1.5,0.13333641293421922,0.08586538811890632,0.5850622406639004,UNDER,1.203064414633436,1.203064414633436,VERY_HIGH,3,0.25,250.0,3-pick entry (~58.5% per leg)
Matt McLain,runs,prizepicks,1.5,0.13333641293421922,0.08586538811890632,0.5850622406639004,UNDER,1.203064414633436,1.203064414633436,VERY_HIGH,3,0.25,250.0,3-pick entry (~58.5% per leg)
Josh Smith,runs,prizepicks,1.5,0.13333641293421922,0.08586538811890632,0.5850622406639004,UNDER,1.203064414633436,1.203064414633436,VERY_HIGH,3,0.25,250.0,3-pick entry (~58.5% per leg)
Josh Smith,runs,prizepicks,1.5,0.13333641293421922,0.08586538811890632,0.5850622406639004,UNDER,1.203064414633436,1.203064414633436,VERY_HIGH,3,0.25,250.0,3-pick entry (~58.5% per leg)
Spencer Steer,runs,prizepicks,1.5,0.13333641293421922,0.08586538811890632,0.5850622406639004,UNDER,1.203064414633436,1.203064414633436,VERY_HIGH,3,0.25,250.0,3-pick entry (~58.5% per leg)
Josh Smith,runs,prizepicks,1.5,0.13333641293421922,0.08586538811890632,0.5850622406639004,UNDER,1.203064414633436,1.203064414633436,VERY_HIGH,3,0.25,250.0,3-pick entry (~58.5% per leg)
Josh Smith,runs,prizepicks,1.5,0.13333641293421922,0.08586538811890632,0.5850622406639004,UNDER,1.203064414633436,1.203064414633436,VERY_HIGH,3,0.25,250.0,3-pick entry (~58.5% per leg)
Jurickson Profar,runs,prizepicks,1.5,0.13333641293421922,0.08586538811890632,0.5850622406639004,UNDER,1.203064414633436,1.203064414633436,VERY_HIGH,3,0.25,250.0,3-pick entry (~58.5% per leg)
Tyler Stephenson,hits,underdog,1.5,0.06814100855805141,0.0760920902347626,0.577345731191885,UNDER,1.1859661145045517,1.1859661145045517,VERY_HIGH,2,0.25,250.0,2-pick entry (~57.7% per leg)
Spencer Steer,hits,underdog,1.5,0.06814100855805141,0.0760920902347626,0.577345731191885,UNDER,1.1859661145045517,1.1859661145045517,VERY_HIGH,2,0.25,250.0,2-pick entry (~57.7% per leg)
Spencer Steer,hits,underdog,1.5,0.06814100855805141,0.0760920902347626,0.577345731191885,UNDER,1.1859661145045517,1.1859661145045517,VERY_HIGH,2,0.25,250.0,2-pick entry (~57.7% per leg)
Noelvi Marte,hits,underdog,1.5,0.06814100855805141,0.0760920902347626,0.577345731191885,UNDER,1.1859661145045517,1.1859661145045517,VERY_HIGH,2,0.25,250.0,2-pick entry (~57.7% per leg)
Elly De La Cruz,hits,underdog,1.5,0.06814100855805141,0.0760920902347626,0.577345731191885,UNDER,1.1859661145045517,1.1859661145045517,VERY_HIGH,2,0.25,250.0,2-pick entry (~57.7% per leg)
Spencer Steer,hits,underdog,1.5,0.06814100855805141,0.0760920902347626,0.577345731191885,UNDER,1.1859661145045517,1.1859661145045517,VERY_HIGH,2,0.25,250.0,2-pick entry (~57.7% per leg)
Tyler Stephenson,hitter_strikeouts,prizepicks,1.5,0.027958781989683573,0.15683351787466104,0.5850622406639004,UNDER,1.0320312219220669,1.0320312219220669,VERY_HIGH,3,0.25,250.0,3-pick entry (~58.5% per leg)
Tyler Stephenson,hitter_strikeouts,prizepicks,1.5,0.027958781989683573,0.15683351787466104,0.5850622406639004,UNDER,1.0320312219220669,1.0320312219220669,VERY_HIGH,3,0.25,250.0,3-pick entry (~58.5% per leg)
Tyler Stephenson,hitter_strikeouts,prizepicks,1.5,0.027958781989683573,0.15683351787466104,0.5850622406639004,UNDER,1.0320312219220669,1.0320312219220669,VERY_HIGH,3,0.25,250.0,3-pick entry (~58.5% per leg)
Drake Baldwin,hitter_strikeouts,prizepicks,1.5,0.027958781989683573,0.15683351787466104,0.5850622406639004,UNDER,1.0320312219220669,1.0320312219220669,VERY_HIGH,3,0.25,250.0,3-pick entry (~58.5% per leg)
Matt Olson,hitter_strikeouts,prizepicks,1.5,0.027958781989683573,0.15683351787466104,0.5850622406639004,UNDER,1.0320312219220669,1.0320312219220669,VERY_HIGH,3,0.25,250.0,3-pick entry (~58.5% per leg)
Matt Olson,hitter_strikeouts,prizepicks,1.5,0.027958781989683573,0.15683351787466104,0.5850622406639004,UNDER,1.0320312219220669,1.0320312219220669,VERY_HIGH,3,0.25,250.0,3-pick entry (~58.5% per leg)
Matt Olson,hitter_strikeouts,prizepicks,1.5,0.027958781989683573,0.15683351787466104,0.5850622406639004,UNDER,1.0320312219220669,1.0320312219220669,VERY_HIGH,3,0.25,250.0,3-pick entry (~58.5% per leg)
Matt Olson,hitter_strikeouts,prizepicks,1.5,0.027958781989683573,0.15683351787466104,0.5850622406639004,UNDER,1.0320312219220669,1.0320312219220669,VERY_HIGH,3,0.25,250.0,3-pick entry (~58.5% per leg)
Spencer Steer,hitter_strikeouts,prizepicks,1.5,0.027958781989683573,0.15683351787466104,0.5850622406639004,UNDER,1.0320312219220669,1.0320312219220669,VERY_HIGH,3,0.25,250.0,3-pick entry (~58.5% per leg)
Spencer Steer,hitter_strikeouts,prizepicks,1.5,0.027958781989683573,0.15683351787466104,0.5850622406639004,UNDER,1.0320312219220669,1.0320312219220669,VERY_HIGH,3,0.25,250.0,3-pick entry (~58.5% per leg)
Spencer Steer,hitter_strikeouts,prizepicks,1.5,0.027958781989683573,0.15683351787466104,0.5850622406639004,UNDER,1.0320312219220669,1.0320312219220669,VERY_HIGH,3,0.25,250.0,3-pick entry (~58.5% per leg)
Josh Smith,hitter_strikeouts,prizepicks,1.5,0.027958781989683573,0.15683351787466104,0.5850622406639004,UNDER,1.0320312219220669,1.0320312219220669,VERY_HIGH,3,0.25,250.0,3-pick entry (~58.5% per leg)
Josh Smith,hitter_strikeouts,prizepicks,1.5,0.027958781989683573,0.15683351787466104,0.5850622406639004,UNDER,1.0320312219220669,1.0320312219220669,VERY_HIGH,3,0.25,250.0,3-pick entry (~58.5% per leg)
Josh Smith,hitter_strikeouts,prizepicks,1.5,0.027958781989683573,0.15683351787466104,0.5850622406639004,UNDER,1.0320312219220669,1.0320312219220669,VERY_HIGH,3,0.25,250.0,3-pick entry (~58.5% per leg)
Josh Smith,hitter_strikeouts,prizepicks,1.5,0.027958781989683573,0.15683351787466104,0.5850622406639004,UNDER,1.0320312219220669,1.0320312219220669,VERY_HIGH,3,0.25,250.0,3-pick entry (~58.5% per leg)
Josh Smith,hitter_strikeouts,prizepicks,1.5,0.027958781989683573,0.15683351787466104,0.5850622406639004,UNDER,1.0320312219220669,1.0320312219220669,VERY_HIGH,3,0.25,250.0,3-pick entry (~58.5% per leg)
Matt McLain,hitter_strikeouts,prizepicks,1.5,0.027958781989683573,0.15683351787466104,0.5850622406639004,UNDER,1.0320312219220669,1.0320312219220669,VERY_HIGH,3,0.25,250.0,3-pick entry (~58.5% per leg)
Matt McLain,hitter_strikeouts,prizepicks,1.5,0.027958781989683573,0.15683351787466104,0.5850622406639004,UNDER,1.0320312219220669,1.0320312219220669,VERY_HIGH,3,0.25,250.0,3-pick entry (~58.5% per leg)
Matt McLain,hitter_strikeouts,prizepicks,1.5,0.027958781989683573,0.15683351787466104,0.5850622406639004,UNDER,1.0320312219220669,1.0320312219220669,VERY_HIGH,3,0.25,250.0,3-pick entry (~58.5% per leg)
Matt McLain,hitter_strikeouts,prizepicks,1.5,0.027958781989683573,0.15683351787466104,0.5850622406639004,UNDER,1.0320312219220669,1.0320312219220669,VERY_HIGH,3,0.25,250.0,3-pick entry (~58.5% per leg)
Spencer Steer,hitter_strikeouts,prizepicks,1.5,0.027958781989683573,0.15683351787466104,0.5850622406639004,UNDER,1.0320312219220669,1.0320312219220669,VERY_HIGH,3,0.25,250.0,3-pick entry (~58.5% per leg)
Spencer Steer,hitter_strikeouts,prizepicks,1.5,0.027958781989683573,0.15683351787466104,0.5850622406639004,UNDER,1.0320312219220669,1.0320312219220669,VERY_HIGH,3,0.25,250.0,3-pick entry (~58.5% per leg)
Spencer Steer,hitter_strikeouts,prizepicks,1.5,0.027958781989683573,0.15683351787466104,0.5850622406639004,UNDER,1.0320312219220669,1.0320312219220669,VERY_HIGH,3,0.25,250.0,3-pick entry (~58.5% per leg)
Marcus Semien,hitter_strikeouts,prizepicks,1.5,0.027958781989683573,0.15683351787466104,0.5850622406639004,UNDER,1.0320312219220669,1.0320312219220669,VERY_HIGH,3,0.25,250.0,3-pick entry (~58.5% per leg)
Josh Smith,hitter_strikeouts,prizepicks,1.5,0.027958781989683573,0.15683351787466104,0.5850622406639004,UNDER,1.0320312219220669,1.0320312219220669,VERY_HIGH,3,0.25,250.0,3-pick entry (~58.5% per leg)
Josh Smith,hitter_strikeouts,prizepicks,1.5,0.027958781989683573,0.15683351787466104,0.5850622406639004,UNDER,1.0320312219220669,1.0320312219220669,VERY_HIGH,3,0.25,250.0,3-pick entry (~58.5% per leg)
Josh Smith,hitter_strikeouts,prizepicks,1.5,0.027958781989683573,0.15683351787466104,0.5850622406639004,UNDER,1.0320312219220669,1.0320312219220669,VERY_HIGH,3,0.25,250.0,3-pick entry (~58.5% per leg)
Josh Smith,hitter_strikeouts,prizepicks,1.5,0.027958781989683573,0.15683351787466104,0.5850622406639004,UNDER,1.0320312219220669,1.0320312219220669,VERY_HIGH,3,0.25,250.0,3-pick entry (~58.5% per leg)
Josh Smith,hitter_strikeouts,prizepicks,1.5,0.027958781989683573,0.15683351787466104,0.5850622406639004,UNDER,1.0320312219220669,1.0320312219220669,VERY_HIGH,3,0.25,250.0,3-pick entry (~58.5% per leg)
Noelvi Marte,hitter_strikeouts,prizepicks,1.5,0.027958781989683573,0.15683351787466104,0.5850622406639004,UNDER,1.0320312219220669,1.0320312219220669,VERY_HIGH,3,0.25,250.0,3-pick entry (~58.5% per leg)
Josh Smith,hitter_strikeouts,prizepicks,1.5,0.027958781989683573,0.15683351787466104,0.5850622406639004,UNDER,1.0320312219220669,1.0320312219220669,VERY_HIGH,3,0.25,250.0,3-pick entry (~58.5% per leg)
Josh Smith,hitter_strikeouts,prizepicks,1.5,0.027958781989683573,0.15683351787466104,0.5850622406639004,UNDER,1.0320312219220669,1.0320312219220669,VERY_HIGH,3,0.25,250.0,3-pick entry (~58.5% per leg)
Josh Smith,hitter_strikeouts,prizepicks,1.5,0.027958781989683573,0.15683351787466104,0.5850622406639004,UNDER,1.0320312219220669,1.0320312219220669,VERY_HIGH,3,0.25,250.0,3-pick entry (~58.5% per leg)
Josh Smith,hitter_strikeouts,prizepicks,1.5,0.027958781989683573,0.15683351787466104,0.5850622406639004,UNDER,1.0320312219220669,1.0320312219220669,VERY_HIGH,3,0.25,250.0,3-pick entry (~58.5% per leg)
Josh Smith,hitter_strikeouts,prizepicks,1.5,0.027958781989683573,0.15683351787466104,0.5850622406639004,UNDER,1.0320312219220669,1.0320312219220669,VERY_HIGH,3,0.25,250.0,3-pick entry (~58.5% per leg)
Josh Jung,hitter_strikeouts,prizepicks,1.5,0.027958781989683573,0.15683351787466104,0.5850622406639004,UNDER,1.0320312219220669,1.0320312219220669,VERY_HIGH,3,0.25,250.0,3-pick entry (~58.5% per leg)
Josh Jung,hitter_strikeouts,prizepicks,1.5,0.027958781989683573,0.15683351787466104,0.5850622406639004,UNDER,1.0320312219220669,1.0320312219220669,VERY_HIGH,3,0.25,250.0,3-pick entry (~58.5% per leg)
Josh Jung,hitter_strikeouts,prizepicks,1.5,0.027958781989683573,0.15683351787466104,0.5850622406639004,UNDER,1.0320312219220669,1.0320312219220669,VERY_HIGH,3,0.25,250.0,3-pick entry (~58.5% per leg)
Josh Jung,hitter_strikeouts,prizepicks,1.5,0.027958781989683573,0.15683351787466104,0.5850622406639004,UNDER,1.0320312219220669,1.0320312219220669,VERY_HIGH,3,0.25,250.0,3-pick entry (~58.5% per leg)
Josh Jung,hitter_strikeouts,prizepicks,1.5,0.027958781989683573,0.15683351787466104,0.5850622406639004,UNDER,1.0320312219220669,1.0320312219220669,VERY_HIGH,3,0.25,250.0,3-pick entry (~58.5% per leg)
Elly De La Cruz,hitter_strikeouts,prizepicks,1.5,0.027958781989683573,0.15683351787466104,0.5850622406639004,UNDER,1.0320312219220669,1.0320312219220669,VERY_HIGH,3,0.25,250.0,3-pick entry (~58.5% per leg)
Corey Seager,hitter_strikeouts,prizepicks,1.5,0.027958781989683573,0.15683351787466104,0.5850622406639004,UNDER,1.0320312219220669,1.0320312219220669,VERY_HIGH,3,0.25,250.0,3-pick entry (~58.5% per leg)
Matt McLain,hitter_strikeouts,prizepicks,1.5,0.027958781989683573,0.15683351787466104,0.5850622406639004,UNDER,1.0320312219220669,1.0320312219220669,VERY_HIGH,3,0.25,250.0,3-pick entry (~58.5% per leg)
Matt McLain,hitter_strikeouts,prizepicks,1.5,0.027958781989683573,0.15683351787466104,0.5850622406639004,UNDER,1.0320312219220669,1.0320312219220669,VERY_HIGH,3,0.25,250.0,3-pick entry (~58.5% per leg)
Matt McLain,hitter_strikeouts,prizepicks,1.5,0.027958781989683573,0.15683351787466104,0.5850622406639004,UNDER,1.0320312219220669,1.0320312219220669,VERY_HIGH,3,0.25,250.0,3-pick entry (~58.5% per leg)
Matt McLain,hitter_strikeouts,prizepicks,1.5,0.027958781989683573,0.15683351787466104,0.5850622406639004,UNDER,1.0320312219220669,1.0320312219220669,VERY_HIGH,3,0.25,250.0,3-pick entry (~58.5% per leg)
Josh Smith,hitter_strikeouts,prizepicks,1.5,0.027958781989683573,0.15683351787466104,0.5850622406639004,UNDER,1.0320312219220669,1.0320312219220669,VERY_HIGH,3,0.25,250.0,3-pick entry (~58.5% per leg)
Josh Smith,hitter_strikeouts,prizepicks,1.5,0.027958781989683573,0.15683351787466104,0.5850622406639004,UNDER,1.0320312219220669,1.0320312219220669,VERY_HIGH,3,0.25,250.0,3-pick entry (~58.5% per leg)
Josh Smith,hitter_strikeouts,prizepicks,1.5,0.027958781989683573,0.15683351787466104,0.5850622406639004,UNDER,1.0320312219220669,1.0320312219220669,VERY_HIGH,3,0.25,250.0,3-pick entry (~58.5% per leg)
Josh Smith,hitter_strikeouts,prizepicks,1.5,0.027958781989683573,0.15683351787466104,0.5850622406639004,UNDER,1.0320312219220669,1.0320312219220669,VERY_HIGH,3,0.25,250.0,3-pick entry (~58.5% per leg)
Josh Smith,hitter_strikeouts,prizepicks,1.5,0.027958781989683573,0.15683351787466104,0.5850622406639004,UNDER,1.0320312219220669,1.0320312219220669,VERY_HIGH,3,0.25,250.0,3-pick entry (~58.5% per leg)
Austin Hays,hitter_strikeouts,prizepicks,1.5,0.027958781989683573,0.15683351787466104,0.5850622406639004,UNDER,1.0320312219220669,1.0320312219220669,VERY_HIGH,3,0.25,250.0,3-pick entry (~58.5% per leg)
Austin Hays,hitter_strikeouts,prizepicks,1.5,0.027958781989683573,0.15683351787466104,0.5850622406639004,UNDER,1.0320312219220669,1.0320312219220669,VERY_HIGH,3,0.25,250.0,3-pick entry (~58.5% per leg)
Wyatt Langford,hitter_strikeouts,prizepicks,1.5,0.027958781989683573,0.15683351787466104,0.5850622406639004,UNDER,1.0320312219220669,1.0320312219220669,VERY_HIGH,3,0.25,250.0,3-pick entry (~58.5% per leg)
Marcell Ozuna,hitter_strikeouts,prizepicks,1.5,0.027958781989683573,0.15683351787466104,0.5850622406639004,UNDER,1.0320312219220669,1.0320312219220669,VERY_HIGH,3,0.25,250.0,3-pick entry (~58.5% per leg)
TJ Friedl,hitter_strikeouts,prizepicks,1.5,0.027958781989683573,0.15683351787466104,0.5850622406639004,UNDER,1.0320312219220669,1.0320312219220669,VERY_HIGH,3,0.25,250.0,3-pick entry (~58.5% per leg)
Adolis Garcia,hitter_strikeouts,prizepicks,1.5,0.027958781989683573,0.15683351787466104,0.5850622406639004,UNDER,1.0320312219220669,1.0320312219220669,VERY_HIGH,3,0.25,250.0,3-pick entry (~58.5% per leg)
Spencer Steer,hitter_strikeouts,prizepicks,1.5,0.027958781989683573,0.15683351787466104,0.5850622406639004,UNDER,1.0320312219220669,1.0320312219220669,VERY_HIGH,3,0.25,250.0,3-pick entry (~58.5% per leg)
Spencer Steer,hitter_strikeouts,prizepicks,1.5,0.027958781989683573,0.15683351787466104,0.5850622406639004,UNDER,1.0320312219220669,1.0320312219220669,VERY_HIGH,3,0.25,250.0,3-pick entry (~58.5% per leg)
Spencer Steer,hitter_strikeouts,prizepicks,1.5,0.027958781989683573,0.15683351787466104,0.5850622406639004,UNDER,1.0320312219220669,1.0320312219220669,VERY_HIGH,3,0.25,250.0,3-pick entry (~58.5% per leg)
Josh Smith,hitter_strikeouts,prizepicks,1.5,0.027958781989683573,0.15683351787466104,0.5850622406639004,UNDER,1.0320312219220669,1.0320312219220669,VERY_HIGH,3,0.25,250.0,3-pick entry (~58.5% per leg)
Josh Smith,hitter_strikeouts,prizepicks,1.5,0.027958781989683573,0.15683351787466104,0.5850622406639004,UNDER,1.0320312219220669,1.0320312219220669,VERY_HIGH,3,0.25,250.0,3-pick entry (~58.5% per leg)
Josh Smith,hitter_strikeouts,prizepicks,1.5,0.027958781989683573,0.15683351787466104,0.5850622406639004,UNDER,1.0320312219220669,1.0320312219220669,VERY_HIGH,3,0.25,250.0,3-pick entry (~58.5% per leg)
Josh Smith,hitter_strikeouts,prizepicks,1.5,0.027958781989683573,0.15683351787466104,0.5850622406639004,UNDER,1.0320312219220669,1.0320312219220669,VERY_HIGH,3,0.25,250.0,3-pick entry (~58.5% per leg)
Josh Smith,hitter_strikeouts,prizepicks,1.5,0.027958781989683573,0.15683351787466104,0.5850622406639004,UNDER,1.0320312219220669,1.0320312219220669,VERY_HIGH,3,0.25,250.0,3-pick entry (~58.5% per leg)
Jurickson Profar,hitter_strikeouts,prizepicks,1.5,0.027958781989683573,0.15683351787466104,0.5850622406639004,UNDER,1.0320312219220669,1.0320312219220669,VERY_HIGH,3,0.25,250.0,3-pick entry (~58.5% per leg)
Tyler Stephenson,total_bases,prizepicks,1.5,0.08663988394761005,0.1730348697226205,0.5850622406639004,UNDER,0.9929859639684848,0.9929859639684848,VERY_HIGH,3,0.25,250.0,3-pick entry (~58.5% per leg)
Drake Baldwin,total_bases,prizepicks,1.5,0.08663988394761005,0.1730348697226205,0.5850622406639004,UNDER,0.9929859639684848,0.9929859639684848,VERY_HIGH,3,0.25,250.0,3-pick entry (~58.5% per leg)
Matt Olson,total_bases,prizepicks,1.5,0.08663988394761005,0.1730348697226205,0.5850622406639004,UNDER,0.9929859639684848,0.9929859639684848,VERY_HIGH,3,0.25,250.0,3-pick entry (~58.5% per leg)
Josh Smith,total_bases,prizepicks,1.5,0.08663988394761005,0.1730348697226205,0.5850622406639004,UNDER,0.9929859639684848,0.9929859639684848,VERY_HIGH,3,0.25,250.0,3-pick entry (~58.5% per leg)
Matt McLain,total_bases,prizepicks,1.5,0.08663988394761005,0.1730348697226205,0.5850622406639004,UNDER,0.9929859639684848,0.9929859639684848,VERY_HIGH,3,0.25,250.0,3-pick entry (~58.5% per leg)
Josh Smith,total_bases,prizepicks,1.5,0.08663988394761005,0.1730348697226205,0.5850622406639004,UNDER,0.9929859639684848,0.9929859639684848,VERY_HIGH,3,0.25,250.0,3-pick entry (~58.5% per leg)
Josh Smith,total_bases,prizepicks,1.5,0.08663988394761005,0.1730348697226205,0.5850622406639004,UNDER,0.9929859639684848,0.9929859639684848,VERY_HIGH,3,0.25,250.0,3-pick entry (~58.5% per leg)
Josh Jung,total_bases,prizepicks,1.5,0.08663988394761005,0.1730348697226205,0.5850622406639004,UNDER,0.9929859639684848,0.9929859639684848,VERY_HIGH,3,0.25,250.0,3-pick entry (~58.5% per leg)
Matt McLain,total_bases,prizepicks,1.5,0.08663988394761005,0.1730348697226205,0.5850622406639004,UNDER,0.9929859639684848,0.9929859639684848,VERY_HIGH,3,0.25,250.0,3-pick entry (~58.5% per leg)
Josh Smith,total_bases,prizepicks,1.5,0.08663988394761005,0.1730348697226205,0.5850622406639004,UNDER,0.9929859639684848,0.9929859639684848,VERY_HIGH,3,0.25,250.0,3-pick entry (~58.5% per leg)
Austin Hays,total_bases,prizepicks,1.5,0.08663988394761005,0.1730348697226205,0.5850622406639004,UNDER,0.9929859639684848,0.9929859639684848,VERY_HIGH,3,0.25,250.0,3-pick entry (~58.5% per leg)
Josh Smith,total_bases,prizepicks,1.5,0.08663988394761005,0.1730348697226205,0.5850622406639004,UNDER,0.9929859639684848,0.9929859639684848,VERY_HIGH,3,0.25,250.0,3-pick entry (~58.5% per leg)
Tyler Stephenson,total_bases,underdog,1.5,0.08663988394761005,0.1730348697226205,0.577345731191885,UNDER,0.95659949823628,0.95659949823628,VERY_HIGH,2,0.25,250.0,2-pick entry (~57.7% per leg)
Tyler Stephenson,total_bases,underdog,1.5,0.08663988394761005,0.1730348697226205,0.577345731191885,UNDER,0.95659949823628,0.95659949823628,VERY_HIGH,2,0.25,250.0,2-pick entry (~57.7% per leg)
Matt Olson,total_bases,underdog,1.5,0.08663988394761005,0.1730348697226205,0.577345731191885,UNDER,0.95659949823628,0.95659949823628,VERY_HIGH,2,0.25,250.0,2-pick entry (~57.7% per leg)
Spencer Steer,total_bases,underdog,1.5,0.08663988394761005,0.1730348697226205,0.577345731191885,UNDER,0.95659949823628,0.95659949823628,VERY_HIGH,2,0.25,250.0,2-pick entry (~57.7% per leg)
Spencer Steer,total_bases,underdog,1.5,0.08663988394761005,0.1730348697226205,0.577345731191885,UNDER,0.95659949823628,0.95659949823628,VERY_HIGH,2,0.25,250.0,2-pick entry (~57.7% per leg)
Josh Smith,total_bases,underdog,1.5,0.08663988394761005,0.1730348697226205,0.577345731191885,UNDER,0.95659949823628,0.95659949823628,VERY_HIGH,2,0.25,250.0,2-pick entry (~57.7% per leg)
Josh Smith,total_bases,underdog,1.5,0.08663988394761005,0.1730348697226205,0.577345731191885,UNDER,0.95659949823628,0.95659949823628,VERY_HIGH,2,0.25,250.0,2-pick entry (~57.7% per leg)
Matt McLain,total_bases,underdog,1.5,0.08663988394761005,0.1730348697226205,0.577345731191885,UNDER,0.95659949823628,0.95659949823628,VERY_HIGH,2,0.25,250.0,2-pick entry (~57.7% per leg)
Spencer Steer,total_bases,underdog,1.5,0.08663988394761005,0.1730348697226205,0.577345731191885,UNDER,0.95659949823628,0.95659949823628,VERY_HIGH,2,0.25,250.0,2-pick entry (~57.7% per leg)
Spencer Steer,total_bases,underdog,1.5,0.08663988394761005,0.1730348697226205,0.577345731191885,UNDER,0.95659949823628,0.95659949823628,VERY_HIGH,2,0.25,250.0,2-pick entry (~57.7% per leg)
Marcus Semien,total_bases,underdog,1.5,0.08663988394761005,0.1730348697226205,0.577345731191885,UNDER,0.95659949823628,0.95659949823628,VERY_HIGH,2,0.25,250.0,2-pick entry (~57.7% per leg)
Josh Smith,total_bases,underdog,1.5,0.08663988394761005,0.1730348697226205,0.577345731191885,UNDER,0.95659949823628,0.95659949823628,VERY_HIGH,2,0.25,250.0,2-pick entry (~57.7% per leg)
Josh Smith,total_bases,underdog,1.5,0.08663988394761005,0.1730348697226205,0.577345731191885,UNDER,0.95659949823628,0.95659949823628,VERY_HIGH,2,0.25,250.0,2-pick entry (~57.7% per leg)
Noelvi Marte,total_bases,underdog,1.5,0.08663988394761005,0.1730348697226205,0.577345731191885,UNDER,0.95659949823628,0.95659949823628,VERY_HIGH,2,0.25,250.0,2-pick entry (~57.7% per leg)
Josh Smith,total_bases,underdog,1.5,0.08663988394761005,0.1730348697226205,0.577345731191885,UNDER,0.95659949823628,0.95659949823628,VERY_HIGH,2,0.25,250.0,2-pick entry (~57.7% per leg)
Josh Smith,total_bases,underdog,1.5,0.08663988394761005,0.1730348697226205,0.577345731191885,UNDER,0.95659949823628,0.95659949823628,VERY_HIGH,2,0.25,250.0,2-pick entry (~57.7% per leg)
Josh Jung,total_bases,underdog,1.5,0.08663988394761005,0.1730348697226205,0.577345731191885,UNDER,0.95659949823628,0.95659949823628,VERY_HIGH,2,0.25,250.0,2-pick entry (~57.7% per leg)
Josh Jung,total_bases,underdog,1.5,0.08663988394761005,0.1730348697226205,0.577345731191885,UNDER,0.95659949823628,0.95659949823628,VERY_HIGH,2,0.25,250.0,2-pick entry (~57.7% per leg)
Elly De La Cruz,total_bases,underdog,1.5,0.08663988394761005,0.1730348697226205,0.577345731191885,UNDER,0.95659949823628,0.95659949823628,VERY_HIGH,2,0.25,250.0,2-pick entry (~57.7% per leg)
Corey Seager,total_bases,underdog,1.5,0.08663988394761005,0.1730348697226205,0.577345731191885,UNDER,0.95659949823628,0.95659949823628,VERY_HIGH,2,0.25,250.0,2-pick entry (~57.7% per leg)
Matt McLain,total_bases,underdog,1.5,0.08663988394761005,0.1730348697226205,0.577345731191885,UNDER,0.95659949823628,0.95659949823628,VERY_HIGH,2,0.25,250.0,2-pick entry (~57.7% per leg)
Josh Smith,total_bases,underdog,1.5,0.08663988394761005,0.1730348697226205,0.577345731191885,UNDER,0.95659949823628,0.95659949823628,VERY_HIGH,2,0.25,250.0,2-pick entry (~57.7% per leg)
Josh Smith,total_bases,underdog,1.5,0.08663988394761005,0.1730348697226205,0.577345731191885,UNDER,0.95659949823628,0.95659949823628,VERY_HIGH,2,0.25,250.0,2-pick entry (~57.7% per leg)
TJ Friedl,total_bases,underdog,1.5,0.08663988394761005,0.1730348697226205,0.577345731191885,UNDER,0.95659949823628,0.95659949823628,VERY_HIGH,2,0.25,250.0,2-pick entry (~57.7% per leg)
Spencer Steer,total_bases,underdog,1.5,0.08663988394761005,0.1730348697226205,0.577345731191885,UNDER,0.95659949823628,0.95659949823628,VERY_HIGH,2,0.25,250.0,2-pick entry (~57.7% per leg)
Spencer Steer,total_bases,underdog,1.5,0.08663988394761005,0.1730348697226205,0.577345731191885,UNDER,0.95659949823628,0.95659949823628,VERY_HIGH,2,0.25,250.0,2-pick entry (~57.7% per leg)
Josh Smith,total_bases,underdog,1.5,0.08663988394761005,0.1730348697226205,0.577345731191885,UNDER,0.95659949823628,0.95659949823628,VERY_HIGH,2,0.25,250.0,2-pick entry (~57.7% per leg)
Josh Smith,total_bases,underdog,1.5,0.08663988394761005,0.1730348697226205,0.577345731191885,UNDER,0.95659949823628,0.95659949823628,VERY_HIGH,2,0.25,250.0,2-pick entry (~57.7% per leg)
Tyler Stephenson,rbi,prizepicks,0.5,0.045911672074709614,0.3248826269589642,0.5850622406639004,UNDER,0.6270328690288964,0.6270328690288964,VERY_HIGH,3,0.25,250.0,3-pick entry (~58.5% per leg)
Tyler Stephenson,rbi,prizepicks,0.5,0.045911672074709614,0.3248826269589642,0.5850622406639004,UNDER,0.6270328690288964,0.6270328690288964,VERY_HIGH,3,0.25,250.0,3-pick entry (~58.5% per leg)
Spencer Steer,rbi,prizepicks,0.5,0.045911672074709614,0.3248826269589642,0.5850622406639004,UNDER,0.6270328690288964,0.6270328690288964,VERY_HIGH,3,0.25,250.0,3-pick entry (~58.5% per leg)
Josh Smith,rbi,prizepicks,0.5,0.045911672074709614,0.3248826269589642,0.5850622406639004,UNDER,0.6270328690288964,0.6270328690288964,VERY_HIGH,3,0.25,250.0,3-pick entry (~58.5% per leg)
Spencer Steer,rbi,prizepicks,0.5,0.045911672074709614,0.3248826269589642,0.5850622406639004,UNDER,0.6270328690288964,0.6270328690288964,VERY_HIGH,3,0.25,250.0,3-pick entry (~58.5% per leg)
Josh Smith,rbi,prizepicks,0.5,0.045911672074709614,0.3248826269589642,0.5850622406639004,UNDER,0.6270328690288964,0.6270328690288964,VERY_HIGH,3,0.25,250.0,3-pick entry (~58.5% per leg)
Josh Smith,rbi,prizepicks,0.5,0.045911672074709614,0.3248826269589642,0.5850622406639004,UNDER,0.6270328690288964,0.6270328690288964,VERY_HIGH,3,0.25,250.0,3-pick entry (~58.5% per leg)
Josh Jung,rbi,prizepicks,0.5,0.045911672074709614,0.3248826269589642,0.5850622406639004,UNDER,0.6270328690288964,0.6270328690288964,VERY_HIGH,3,0.25,250.0,3-pick entry (~58.5% per leg)
Josh Smith,rbi,prizepicks,0.5,0.045911672074709614,0.3248826269589642,0.5850622406639004,UNDER,0.6270328690288964,0.6270328690288964,VERY_HIGH,3,0.25,250.0,3-pick entry (~58.5% per leg)
Austin Hays,rbi,prizepicks,0.5,0.045911672074709614,0.3248826269589642,0.5850622406639004,UNDER,0.6270328690288964,0.6270328690288964,VERY_HIGH,3,0.25,250.0,3-pick entry (~58.5% per leg)
TJ Friedl,rbi,prizepicks,0.5,0.045911672074709614,0.3248826269589642,0.5850622406639004,UNDER,0.6270328690288964,0.6270328690288964,VERY_HIGH,3,0.25,250.0,3-pick entry (~58.5% per leg)
Spencer Steer,rbi,prizepicks,0.5,0.045911672074709614,0.3248826269589642,0.5850622406639004,UNDER,0.6270328690288964,0.6270328690288964,VERY_HIGH,3,0.25,250.0,3-pick entry (~58.5% per leg)
Josh Smith,rbi,prizepicks,0.5,0.045911672074709614,0.3248826269589642,0.5850622406639004,UNDER,0.6270328690288964,0.6270328690288964,VERY_HIGH,3,0.25,250.0,3-pick entry (~58.5% per leg)
Tyler Stephenson,hits,prizepicks,0.5,0.06814100855805141,0.3329219506842157,0.5850622406639004,UNDER,0.6076580988510403,0.6076580988510403,VERY_HIGH,3,0.25,250.0,3-pick entry (~58.5% per leg)
Tyler Stephenson,rbi,underdog,0.5,0.045911672074709614,0.3248826269589642,0.577345731191885,UNDER,0.5973277046150908,0.5973277046150908,VERY_HIGH,2,0.25,250.0,2-pick entry (~57.7% per leg)
Tyler Stephenson,rbi,underdog,0.5,0.045911672074709614,0.3248826269589642,0.577345731191885,UNDER,0.5973277046150908,0.5973277046150908,VERY_HIGH,2,0.25,250.0,2-pick entry (~57.7% per leg)
Matt Olson,rbi,underdog,0.5,0.045911672074709614,0.3248826269589642,0.577345731191885,UNDER,0.5973277046150908,0.5973277046150908,VERY_HIGH,2,0.25,250.0,2-pick entry (~57.7% per leg)
Spencer Steer,rbi,underdog,0.5,0.045911672074709614,0.3248826269589642,0.577345731191885,UNDER,0.5973277046150908,0.5973277046150908,VERY_HIGH,2,0.25,250.0,2-pick entry (~57.7% per leg)
Matt McLain,rbi,underdog,0.5,0.045911672074709614,0.3248826269589642,0.577345731191885,UNDER,0.5973277046150908,0.5973277046150908,VERY_HIGH,2,0.25,250.0,2-pick entry (~57.7% per leg)
Spencer Steer,rbi,underdog,0.5,0.045911672074709614,0.3248826269589642,0.577345731191885,UNDER,0.5973277046150908,0.5973277046150908,VERY_HIGH,2,0.25,250.0,2-pick entry (~57.7% per leg)
Noelvi Marte,rbi,underdog,0.5,0.045911672074709614,0.3248826269589642,0.577345731191885,UNDER,0.5973277046150908,0.5973277046150908,VERY_HIGH,2,0.25,250.0,2-pick entry (~57.7% per leg)
Elly De La Cruz,rbi,underdog,0.5,0.045911672074709614,0.3248826269589642,0.577345731191885,UNDER,0.5973277046150908,0.5973277046150908,VERY_HIGH,2,0.25,250.0,2-pick entry (~57.7% per leg)
Matt McLain,rbi,underdog,0.5,0.045911672074709614,0.3248826269589642,0.577345731191885,UNDER,0.5973277046150908,0.5973277046150908,VERY_HIGH,2,0.25,250.0,2-pick entry (~57.7% per leg)
Austin Hays,rbi,underdog,0.5,0.045911672074709614,0.3248826269589642,0.577345731191885,UNDER,0.5973277046150908,0.5973277046150908,VERY_HIGH,2,0.25,250.0,2-pick entry (~57.7% per leg)
TJ Friedl,rbi,underdog,0.5,0.045911672074709614,0.3248826269589642,0.577345731191885,UNDER,0.5973277046150908,0.5973277046150908,VERY_HIGH,2,0.25,250.0,2-pick entry (~57.7% per leg)
Spencer Steer,rbi,underdog,0.5,0.045911672074709614,0.3248826269589642,0.577345731191885,UNDER,0.5973277046150908,0.5973277046150908,VERY_HIGH,2,0.25,250.0,2-pick entry (~57.7% per leg)
Tyler Stephenson,hits,underdog,0.5,0.06814100855805141,0.3329219506842157,0.577345731191885,UNDER,0.5783066646811457,0.5783066646811457,VERY_HIGH,2,0.25,250.0,2-pick entry (~57.7% per leg)
Matt Olson,hits,underdog,0.5,0.06814100855805141,0.3329219506842157,0.577345731191885,UNDER,0.5783066646811457,0.5783066646811457,VERY_HIGH,2,0.25,250.0,2-pick entry (~57.7% per leg)
Josh Smith,hits,underdog,0.5,0.06814100855805141,0.3329219506842157,0.577345731191885,UNDER,0.5783066646811457,0.5783066646811457,VERY_HIGH,2,0.25,250.0,2-pick entry (~57.7% per leg)
Josh Smith,hits,underdog,0.5,0.06814100855805141,0.3329219506842157,0.577345731191885,UNDER,0.5783066646811457,0.5783066646811457,VERY_HIGH,2,0.25,250.0,2-pick entry (~57.7% per leg)
Matt McLain,hits,underdog,0.5,0.06814100855805141,0.3329219506842157,0.577345731191885,UNDER,0.5783066646811457,0.5783066646811457,VERY_HIGH,2,0.25,250.0,2-pick entry (~57.7% per leg)
Marcus Semien,hits,underdog,0.5,0.06814100855805141,0.3329219506842157,0.577345731191885,UNDER,0.5783066646811457,0.5783066646811457,VERY_HIGH,2,0.25,250.0,2-pick entry (~57.7% per leg)
Josh Smith,hits,underdog,0.5,0.06814100855805141,0.3329219506842157,0.577345731191885,UNDER,0.5783066646811457,0.5783066646811457,VERY_HIGH,2,0.25,250.0,2-pick entry (~57.7% per leg)
Josh Smith,hits,underdog,0.5,0.06814100855805141,0.3329219506842157,0.577345731191885,UNDER,0.5783066646811457,0.5783066646811457,VERY_HIGH,2,0.25,250.0,2-pick entry (~57.7% per leg)
Josh Smith,hits,underdog,0.5,0.06814100855805141,0.3329219506842157,0.577345731191885,UNDER,0.5783066646811457,0.5783066646811457,VERY_HIGH,2,0.25,250.0,2-pick entry (~57.7% per leg)
Josh Smith,hits,underdog,0.5,0.06814100855805141,0.3329219506842157,0.577345731191885,UNDER,0.5783066646811457,0.5783066646811457,VERY_HIGH,2,0.25,250.0,2-pick entry (~57.7% per leg)
Josh Jung,hits,underdog,0.5,0.06814100855805141,0.3329219506842157,0.577345731191885,UNDER,0.5783066646811457,0.5783066646811457,VERY_HIGH,2,0.25,250.0,2-pick entry (~57.7% per leg)
Josh Jung,hits,underdog,0.5,0.06814100855805141,0.3329219506842157,0.577345731191885,UNDER,0.5783066646811457,0.5783066646811457,VERY_HIGH,2,0.25,250.0,2-pick entry (~57.7% per leg)
Matt McLain,hits,underdog,0.5,0.06814100855805141,0.3329219506842157,0.577345731191885,UNDER,0.5783066646811457,0.5783066646811457,VERY_HIGH,2,0.25,250.0,2-pick entry (~57.7% per leg)
Josh Smith,hits,underdog,0.5,0.06814100855805141,0.3329219506842157,0.577345731191885,UNDER,0.5783066646811457,0.5783066646811457,VERY_HIGH,2,0.25,250.0,2-pick entry (~57.7% per leg)
Josh Smith,hits,underdog,0.5,0.06814100855805141,0.3329219506842157,0.577345731191885,UNDER,0.5783066646811457,0.5783066646811457,VERY_HIGH,2,0.25,250.0,2-pick entry (~57.7% per leg)
Wyatt Langford,hits,underdog,0.5,0.06814100855805141,0.3329219506842157,0.577345731191885,UNDER,0.5783066646811457,0.5783066646811457,VERY_HIGH,2,0.25,250.0,2-pick entry (~57.7% per leg)
TJ Friedl,hits,underdog,0.5,0.06814100855805141,0.3329219506842157,0.577345731191885,UNDER,0.5783066646811457,0.5783066646811457,VERY_HIGH,2,0.25,250.0,2-pick entry (~57.7% per leg)
Adolis Garcia,hits,underdog,0.5,0.06814100855805141,0.3329219506842157,0.577345731191885,UNDER,0.5783066646811457,0.5783066646811457,VERY_HIGH,2,0.25,250.0,2-pick entry (~57.7% per leg)
Josh Smith,hits,underdog,0.5,0.06814100855805141,0.3329219506842157,0.577345731191885,UNDER,0.5783066646811457,0.5783066646811457,VERY_HIGH,2,0.25,250.0,2-pick entry (~57.7% per leg)
Josh Smith,hits,underdog,0.5,0.06814100855805141,0.3329219506842157,0.577345731191885,UNDER,0.5783066646811457,0.5783066646811457,VERY_HIGH,2,0.25,250.0,2-pick entry (~57.7% per leg)
Tyler Stephenson,runs,prizepicks,0.5,0.13333641293421922,0.35693498544777613,0.5850622406639004,UNDER,0.5497866850708596,0.5497866850708596,VERY_HIGH,3,0.25,250.0,3-pick entry (~58.5% per leg)
Tyler Stephenson,runs,prizepicks,0.5,0.13333641293421922,0.35693498544777613,0.5850622406639004,UNDER,0.5497866850708596,0.5497866850708596,VERY_HIGH,3,0.25,250.0,3-pick entry (~58.5% per leg)
Drake Baldwin,runs,prizepicks,0.5,0.13333641293421922,0.35693498544777613,0.5850622406639004,UNDER,0.5497866850708596,0.5497866850708596,VERY_HIGH,3,0.25,250.0,3-pick entry (~58.5% per leg)
Matt Olson,runs,prizepicks,0.5,0.13333641293421922,0.35693498544777613,0.5850622406639004,UNDER,0.5497866850708596,0.5497866850708596,VERY_HIGH,3,0.25,250.0,3-pick entry (~58.5% per leg)
Matt Olson,runs,prizepicks,0.5,0.13333641293421922,0.35693498544777613,0.5850622406639004,UNDER,0.5497866850708596,0.5497866850708596,VERY_HIGH,3,0.25,250.0,3-pick entry (~58.5% per leg)
Spencer Steer,runs,prizepicks,0.5,0.13333641293421922,0.35693498544777613,0.5850622406639004,UNDER,0.5497866850708596,0.5497866850708596,VERY_HIGH,3,0.25,250.0,3-pick entry (~58.5% per leg)
Spencer Steer,runs,prizepicks,0.5,0.13333641293421922,0.35693498544777613,0.5850622406639004,UNDER,0.5497866850708596,0.5497866850708596,VERY_HIGH,3,0.25,250.0,3-pick entry (~58.5% per leg)
Josh Smith,runs,prizepicks,0.5,0.13333641293421922,0.35693498544777613,0.5850622406639004,UNDER,0.5497866850708596,0.5497866850708596,VERY_HIGH,3,0.25,250.0,3-pick entry (~58.5% per leg)
Josh Smith,runs,prizepicks,0.5,0.13333641293421922,0.35693498544777613,0.5850622406639004,UNDER,0.5497866850708596,0.5497866850708596,VERY_HIGH,3,0.25,250.0,3-pick entry (~58.5% per leg)
Josh Smith,runs,prizepicks,0.5,0.13333641293421922,0.35693498544777613,0.5850622406639004,UNDER,0.5497866850708596,0.5497866850708596,VERY_HIGH,3,0.25,250.0,3-pick entry (~58.5% per leg)
Matt McLain,runs,prizepicks,0.5,0.13333641293421922,0.35693498544777613,0.5850622406639004,UNDER,0.5497866850708596,0.5497866850708596,VERY_HIGH,3,0.25,250.0,3-pick entry (~58.5% per leg)
Matt McLain,runs,prizepicks,0.5,0.13333641293421922,0.35693498544777613,0.5850622406639004,UNDER,0.5497866850708596,0.5497866850708596,VERY_HIGH,3,0.25,250.0,3-pick entry (~58.5% per leg)
Spencer Steer,runs,prizepicks,0.5,0.13333641293421922,0.35693498544777613,0.5850622406639004,UNDER,0.5497866850708596,0.5497866850708596,VERY_HIGH,3,0.25,250.0,3-pick entry (~58.5% per leg)
Spencer Steer,runs,prizepicks,0.5,0.13333641293421922,0.35693498544777613,0.5850622406639004,UNDER,0.5497866850708596,0.5497866850708596,VERY_HIGH,3,0.25,250.0,3-pick entry (~58.5% per leg)
Josh Smith,runs,prizepicks,0.5,0.13333641293421922,0.35693498544777613,0.5850622406639004,UNDER,0.5497866850708596,0.5497866850708596,VERY_HIGH,3,0.25,250.0,3-pick entry (~58.5% per leg)
Josh Smith,runs,prizepicks,0.5,0.13333641293421922,0.35693498544777613,0.5850622406639004,UNDER,0.5497866850708596,0.5497866850708596,VERY_HIGH,3,0.25,250.0,3-pick entry (~58.5% per leg)
Josh Smith,runs,prizepicks,0.5,0.13333641293421922,0.35693498544777613,0.5850622406639004,UNDER,0.5497866850708596,0.5497866850708596,VERY_HIGH,3,0.25,250.0,3-pick entry (~58.5% per leg)
Noelvi Marte,runs,prizepicks,0.5,0.13333641293421922,0.35693498544777613,0.5850622406639004,UNDER,0.5497866850708596,0.5497866850708596,VERY_HIGH,3,0.25,250.0,3-pick entry (~58.5% per leg)
Josh Smith,runs,prizepicks,0.5,0.13333641293421922,0.35693498544777613,0.5850622406639004,UNDER,0.5497866850708596,0.5497866850708596,VERY_HIGH,3,0.25,250.0,3-pick entry (~58.5% per leg)
Josh Smith,runs,prizepicks,0.5,0.13333641293421922,0.35693498544777613,0.5850622406639004,UNDER,0.5497866850708596,0.5497866850708596,VERY_HIGH,3,0.25,250.0,3-pick entry (~58.5% per leg)
Josh Smith,runs,prizepicks,0.5,0.13333641293421922,0.35693498544777613,0.5850622406639004,UNDER,0.5497866850708596,0.5497866850708596,VERY_HIGH,3,0.25,250.0,3-pick entry (~58.5% per leg)
Josh Jung,runs,prizepicks,0.5,0.13333641293421922,0.35693498544777613,0.5850622406639004,UNDER,0.5497866850708596,0.5497866850708596,VERY_HIGH,3,0.25,250.0,3-pick entry (~58.5% per leg)
Josh Jung,runs,prizepicks,0.5,0.13333641293421922,0.35693498544777613,0.5850622406639004,UNDER,0.5497866850708596,0.5497866850708596,VERY_HIGH,3,0.25,250.0,3-pick entry (~58.5% per leg)
Josh Jung,runs,prizepicks,0.5,0.13333641293421922,0.35693498544777613,0.5850622406639004,UNDER,0.5497866850708596,0.5497866850708596,VERY_HIGH,3,0.25,250.0,3-pick entry (~58.5% per leg)
Elly De La Cruz,runs,prizepicks,0.5,0.13333641293421922,0.35693498544777613,0.5850622406639004,UNDER,0.5497866850708596,0.5497866850708596,VERY_HIGH,3,0.25,250.0,3-pick entry (~58.5% per leg)
Matt McLain,runs,prizepicks,0.5,0.13333641293421922,0.35693498544777613,0.5850622406639004,UNDER,0.5497866850708596,0.5497866850708596,VERY_HIGH,3,0.25,250.0,3-pick entry (~58.5% per leg)
Matt McLain,runs,prizepicks,0.5,0.13333641293421922,0.35693498544777613,0.5850622406639004,UNDER,0.5497866850708596,0.5497866850708596,VERY_HIGH,3,0.25,250.0,3-pick entry (~58.5% per leg)
Josh Smith,runs,prizepicks,0.5,0.13333641293421922,0.35693498544777613,0.5850622406639004,UNDER,0.5497866850708596,0.5497866850708596,VERY_HIGH,3,0.25,250.0,3-pick entry (~58.5% per leg)
Josh Smith,runs,prizepicks,0.5,0.13333641293421922,0.35693498544777613,0.5850622406639004,UNDER,0.5497866850708596,0.5497866850708596,VERY_HIGH,3,0.25,250.0,3-pick entry (~58.5% per leg)
Josh Smith,runs,prizepicks,0.5,0.13333641293421922,0.35693498544777613,0.5850622406639004,UNDER,0.5497866850708596,0.5497866850708596,VERY_HIGH,3,0.25,250.0,3-pick entry (~58.5% per leg)
Austin Hays,runs,prizepicks,0.5,0.13333641293421922,0.35693498544777613,0.5850622406639004,UNDER,0.5497866850708596,0.5497866850708596,VERY_HIGH,3,0.25,250.0,3-pick entry (~58.5% per leg)
Austin Hays,runs,prizepicks,0.5,0.13333641293421922,0.35693498544777613,0.5850622406639004,UNDER,0.5497866850708596,0.5497866850708596,VERY_HIGH,3,0.25,250.0,3-pick entry (~58.5% per leg)
Wyatt Langford,runs,prizepicks,0.5,0.13333641293421922,0.35693498544777613,0.5850622406639004,UNDER,0.5497866850708596,0.5497866850708596,VERY_HIGH,3,0.25,250.0,3-pick entry (~58.5% per leg)
Marcell Ozuna,runs,prizepicks,0.5,0.13333641293421922,0.35693498544777613,0.5850622406639004,UNDER,0.5497866850708596,0.5497866850708596,VERY_HIGH,3,0.25,250.0,3-pick entry (~58.5% per leg)
TJ Friedl,runs,prizepicks,0.5,0.13333641293421922,0.35693498544777613,0.5850622406639004,UNDER,0.5497866850708596,0.5497866850708596,VERY_HIGH,3,0.25,250.0,3-pick entry (~58.5% per leg)
Adolis Garcia,runs,prizepicks,0.5,0.13333641293421922,0.35693498544777613,0.5850622406639004,UNDER,0.5497866850708596,0.5497866850708596,VERY_HIGH,3,0.25,250.0,3-pick entry (~58.5% per leg)
Spencer Steer,runs,prizepicks,0.5,0.13333641293421922,0.35693498544777613,0.5850622406639004,UNDER,0.5497866850708596,0.5497866850708596,VERY_HIGH,3,0.25,250.0,3-pick entry (~58.5% per leg)
Spencer Steer,runs,prizepicks,0.5,0.13333641293421922,0.35693498544777613,0.5850622406639004,UNDER,0.5497866850708596,0.5497866850708596,VERY_HIGH,3,0.25,250.0,3-pick entry (~58.5% per leg)
Josh Smith,runs,prizepicks,0.5,0.13333641293421922,0.35693498544777613,0.5850622406639004,UNDER,0.5497866850708596,0.5497866850708596,VERY_HIGH,3,0.25,250.0,3-pick entry (~58.5% per leg)
Josh Smith,runs,prizepicks,0.5,0.13333641293421922,0.35693498544777613,0.5850622406639004,UNDER,0.5497866850708596,0.5497866850708596,VERY_HIGH,3,0.25,250.0,3-pick entry (~58.5% per leg)
Josh Smith,runs,prizepicks,0.5,0.13333641293421922,0.35693498544777613,0.5850622406639004,UNDER,0.5497866850708596,0.5497866850708596,VERY_HIGH,3,0.25,250.0,3-pick entry (~58.5% per leg)
Tyler Stephenson,runs,underdog,0.5,0.13333641293421922,0.35693498544777613,0.577345731191885,UNDER,0.5214918244305617,0.5214918244305617,VERY_HIGH,2,0.25,250.0,2-pick entry (~57.7% per leg)
Matt Olson,runs,underdog,0.5,0.13333641293421922,0.35693498544777613,0.577345731191885,UNDER,0.5214918244305617,0.5214918244305617,VERY_HIGH,2,0.25,250.0,2-pick entry (~57.7% per leg)
Spencer Steer,runs,underdog,0.5,0.13333641293421922,0.35693498544777613,0.577345731191885,UNDER,0.5214918244305617,0.5214918244305617,VERY_HIGH,2,0.25,250.0,2-pick entry (~57.7% per leg)
Matt McLain,runs,underdog,0.5,0.13333641293421922,0.35693498544777613,0.577345731191885,UNDER,0.5214918244305617,0.5214918244305617,VERY_HIGH,2,0.25,250.0,2-pick entry (~57.7% per leg)
Spencer Steer,runs,underdog,0.5,0.13333641293421922,0.35693498544777613,0.577345731191885,UNDER,0.5214918244305617,0.5214918244305617,VERY_HIGH,2,0.25,250.0,2-pick entry (~57.7% per leg)
Noelvi Marte,runs,underdog,0.5,0.13333641293421922,0.35693498544777613,0.577345731191885,UNDER,0.5214918244305617,0.5214918244305617,VERY_HIGH,2,0.25,250.0,2-pick entry (~57.7% per leg)
Elly De La Cruz,runs,underdog,0.5,0.13333641293421922,0.35693498544777613,0.577345731191885,UNDER,0.5214918244305617,0.5214918244305617,VERY_HIGH,2,0.25,250.0,2-pick entry (~57.7% per leg)
Matt McLain,runs,underdog,0.5,0.13333641293421922,0.35693498544777613,0.577345731191885,UNDER,0.5214918244305617,0.5214918244305617,VERY_HIGH,2,0.25,250.0,2-pick entry (~57.7% per leg)
Austin Hays,runs,underdog,0.5,0.13333641293421922,0.35693498544777613,0.577345731191885,UNDER,0.5214918244305617,0.5214918244305617,VERY_HIGH,2,0.25,250.0,2-pick entry (~57.7% per leg)
TJ Friedl,runs,underdog,0.5,0.13333641293421922,0.35693498544777613,0.577345731191885,UNDER,0.5214918244305617,0.5214918244305617,VERY_HIGH,2,0.25,250.0,2-pick entry (~57.7% per leg)
Spencer Steer,runs,underdog,0.5,0.13333641293421922,0.35693498544777613,0.577345731191885,UNDER,0.5214918244305617,0.5214918244305617,VERY_HIGH,2,0.25,250.0,2-pick entry (~57.7% per leg)
Tyler Stephenson,hitter_strikeouts,prizepicks,0.5,0.027958781989683573,0.3733117979376801,0.5850622406639004,UNDER,0.5103185669701911,0.5103185669701911,VERY_HIGH,3,0.25,250.0,3-pick entry (~58.5% per leg)
Tyler Stephenson,hitter_strikeouts,underdog,0.5,0.027958781989683573,0.3733117979376801,0.577345731191885,UNDER,0.48274428607944897,0.48274428607944897,VERY_HIGH,2,0.25,250.0,2-pick entry (~57.7% per leg)
Matt Olson,hitter_strikeouts,underdog,0.5,0.027958781989683573,0.3733117979376801,0.577345731191885,UNDER,0.48274428607944897,0.48274428607944897,VERY_HIGH,2,0.25,250.0,2-pick entry (~57.7% per leg)
Spencer Steer,hitter_strikeouts,underdog,0.5,0.027958781989683573,0.3733117979376801,0.577345731191885,UNDER,0.48274428607944897,0.48274428607944897,VERY_HIGH,2,0.25,250.0,2-pick entry (~57.7% per leg)
Matt McLain,hitter_strikeouts,underdog,0.5,0.027958781989683573,0.3733117979376801,0.577345731191885,UNDER,0.48274428607944897,0.48274428607944897,VERY_HIGH,2,0.25,250.0,2-pick entry (~57.7% per leg)
Spencer Steer,hitter_strikeouts,underdog,0.5,0.027958781989683573,0.3733117979376801,0.577345731191885,UNDER,0.48274428607944897,0.48274428607944897,VERY_HIGH,2,0.25,250.0,2-pick entry (~57.7% per leg)
Noelvi Marte,hitter_strikeouts,underdog,0.5,0.027958781989683573,0.3733117979376801,0.577345731191885,UNDER,0.48274428607944897,0.48274428607944897,VERY_HIGH,2,0.25,250.0,2-pick entry (~57.7% per leg)
Elly De La Cruz,hitter_strikeouts,underdog,0.5,0.027958781989683573,0.3733117979376801,0.577345731191885,UNDER,0.48274428607944897,0.48274428607944897,VERY_HIGH,2,0.25,250.0,2-pick entry (~57.7% per leg)
Matt McLain,hitter_strikeouts,underdog,0.5,0.027958781989683573,0.3733117979376801,0.577345731191885,UNDER,0.48274428607944897,0.48274428607944897,VERY_HIGH,2,0.25,250.0,2-pick entry (~57.7% per leg)
Austin Hays,hitter_strikeouts,underdog,0.5,0.027958781989683573,0.3733117979376801,0.577345731191885,UNDER,0.48274428607944897,0.48274428607944897,VERY_HIGH,2,0.25,250.0,2-pick entry (~57.7% per leg)
TJ Friedl,hitter_strikeouts,underdog,0.5,0.027958781989683573,0.3733117979376801,0.577345731191885,UNDER,0.48274428607944897,0.48274428607944897,VERY_HIGH,2,0.25,250.0,2-pick entry (~57.7% per leg)
Spencer Steer,hitter_strikeouts,underdog,0.5,0.027958781989683573,0.3733117979376801,0.577345731191885,UNDER,0.48274428607944897,0.48274428607944897,VERY_HIGH,2,0.25,250.0,2-pick entry (~57.7% per leg)
Tyler Stephenson,total_bases,underdog,0.5,0.08663988394761005,0.39143786716673845,0.577345731191885,UNDER,0.4398580062834969,0.4398580062834969,VERY_HIGH,2,0.25,250.0,2-pick entry (~57.7% per leg)
Tyler Stephenson,total_bases,underdog,0.5,0.08663988394761005,0.39143786716673845,0.577345731191885,UNDER,0.4398580062834969,0.4398580062834969,VERY_HIGH,2,0.25,250.0,2-pick entry (~57.7% per leg)
Matt Olson,total_bases,underdog,0.5,0.08663988394761005,0.39143786716673845,0.577345731191885,UNDER,0.4398580062834969,0.4398580062834969,VERY_HIGH,2,0.25,250.0,2-pick entry (~57.7% per leg)
Josh Smith,total_bases,underdog,0.5,0.08663988394761005,0.39143786716673845,0.577345731191885,UNDER,0.4398580062834969,0.4398580062834969,VERY_HIGH,2,0.25,250.0,2-pick entry (~57.7% per leg)
Josh Smith,total_bases,underdog,0.5,0.08663988394761005,0.39143786716673845,0.577345731191885,UNDER,0.4398580062834969,0.4398580062834969,VERY_HIGH,2,0.25,250.0,2-pick entry (~57.7% per leg)
Matt McLain,total_bases,underdog,0.5,0.08663988394761005,0.39143786716673845,0.577345731191885,UNDER,0.4398580062834969,0.4398580062834969,VERY_HIGH,2,0.25,250.0,2-pick entry (~57.7% per leg)
Josh Smith,total_bases,underdog,0.5,0.08663988394761005,0.39143786716673845,0.577345731191885,UNDER,0.4398580062834969,0.4398580062834969,VERY_HIGH,2,0.25,250.0,2-pick entry (~57.7% per leg)
Josh Smith,total_bases,underdog,0.5,0.08663988394761005,0.39143786716673845,0.577345731191885,UNDER,0.4398580062834969,0.4398580062834969,VERY_HIGH,2,0.25,250.0,2-pick entry (~57.7% per leg)
Josh Smith,total_bases,underdog,0.5,0.08663988394761005,0.39143786716673845,0.577345731191885,UNDER,0.4398580062834969,0.4398580062834969,VERY_HIGH,2,0.25,250.0,2-pick entry (~57.7% per leg)
Josh Smith,total_bases,underdog,0.5,0.08663988394761005,0.39143786716673845,0.577345731191885,UNDER,0.4398580062834969,0.4398580062834969,VERY_HIGH,2,0.25,250.0,2-pick entry (~57.7% per leg)
Josh Jung,total_bases,underdog,0.5,0.08663988394761005,0.39143786716673845,0.577345731191885,UNDER,0.4398580062834969,0.4398580062834969,VERY_HIGH,2,0.25,250.0,2-pick entry (~57.7% per leg)
Josh Jung,total_bases,underdog,0.5,0.08663988394761005,0.39143786716673845,0.577345731191885,UNDER,0.4398580062834969,0.4398580062834969,VERY_HIGH,2,0.25,250.0,2-pick entry (~57.7% per leg)
Matt McLain,total_bases,underdog,0.5,0.08663988394761005,0.39143786716673845,0.577345731191885,UNDER,0.4398580062834969,0.4398580062834969,VERY_HIGH,2,0.25,250.0,2-pick entry (~57.7% per leg)
Josh Smith,total_bases,underdog,0.5,0.08663988394761005,0.39143786716673845,0.577345731191885,UNDER,0.4398580062834969,0.4398580062834969,VERY_HIGH,2,0.25,250.0,2-pick entry (~57.7% per leg)
Josh Smith,total_bases,underdog,0.5,0.08663988394761005,0.39143786716673845,0.577345731191885,UNDER,0.4398580062834969,0.4398580062834969,VERY_HIGH,2,0.25,250.0,2-pick entry (~57.7% per leg)
Adolis Garcia,total_bases,underdog,0.5,0.08663988394761005,0.39143786716673845,0.577345731191885,UNDER,0.4398580062834969,0.4398580062834969,VERY_HIGH,2,0.25,250.0,2-pick entry (~57.7% per leg)
Josh Smith,total_bases,underdog,0.5,0.08663988394761005,0.39143786716673845,0.577345731191885,UNDER,0.4398580062834969,0.4398580062834969,VERY_HIGH,2,0.25,250.0,2-pick entry (~57.7% per leg)
Josh Smith,total_bases,underdog,0.5,0.08663988394761005,0.39143786716673845,0.577345731191885,UNDER,0.4398580062834969,0.4398580062834969,VERY_HIGH,2,0.25,250.0,2-pick entry (~57.7% per leg)
